IdBase;Data;IdIlha;TempoProducaoReal;TempoProducaoPlan;QuantProducaoReal;QuantProducaoPlan;QuantProducaoRuim;QuantProducaoBoa
1;2025-11-01;50121;26513;57600;383117;1740000;0;65
1;2025-11-01;501213;9483;57600;122347;870000;10;13
1;2025-11-01;501219;6319;57600;82999;870000;0;16
1;2025-11-01;50122;22583;57600;340031;1740000;0;58
1;2025-11-01;50123;25494;57600;444020;1740000;0;91
1;2025-11-01;50124;25462;57600;441043;1740000;0;91
1;2025-11-01;50125;29855;57600;463091;1740000;0;96
1;2025-11-01;50126;23201;57600;392061;3060000;0;78
1;2025-11-01;50127;21000;57600;480832;1740000;8;0
1;2025-11-01;50128;27300;57600;300375;870000;5;0
1;2025-11-03;50121;36095;57600;521125;1740000;1;96
1;2025-11-03;501213;4417;57600;60002;870000;0;12
1;2025-11-03;501214;-956820;57600;63221;1740000;1;0
1;2025-11-03;501215;1353;57600;62001;2040000;0;2
1;2025-11-03;501219;9473;57600;117989;870000;0;22
1;2025-11-03;50122;32047;57600;487712;1740000;0;101
1;2025-11-03;50123;39570;57600;643840;1740000;0;130
1;2025-11-03;50124;40942;57600;619127;1740000;0;123
1;2025-11-03;50125;32117;57600;521058;1740000;0;103
1;2025-11-03;50126;29837;57600;476040;3060000;0;79
1;2025-11-03;50127;33180;57600;1059877;1740000;15;2
1;2025-11-03;50128;21300;57600;514701;870000;7;1
1;2025-11-04;50121;35356;57600;507095;1740000;1;89
1;2025-11-04;501213;2396;57600;30003;870000;0;5
1;2025-11-04;501215;5204;57600;167005;2040000;0;8
1;2025-11-04;501219;6110;57600;77006;870000;0;15
1;2025-11-04;50122;25782;57600;393235;1740000;1;79
1;2025-11-04;50123;35929;57600;561035;1740000;0;101
1;2025-11-04;50124;34962;57600;554072;1740000;0;118
1;2025-11-04;50125;34036;57600;536095;1740000;0;97
1;2025-11-04;50126;25232;57600;426055;3060000;0;78
1;2025-11-04;50127;22860;57600;582357;1740000;9;2
1;2025-11-04;50128;12600;57600;287529;870000;3;2
1;2025-11-05;50121;30278;57600;458330;1740000;4;72
1;2025-11-05;501213;4218;57600;50109;870000;4;7
1;2025-11-05;501215;5472;57600;166049;2040000;0;9
1;2025-11-05;501216;4219;57600;90068;2040000;1;8
1;2025-11-05;501219;7479;57600;89005;870000;0;17
1;2025-11-05;50122;28385;57600;413164;1740000;1;89
1;2025-11-05;50123;27695;57600;439048;1740000;0;89
1;2025-11-05;50124;30920;57600;501096;1740000;0;100
1;2025-11-05;50125;25886;57600;377085;1740000;0;81
1;2025-11-05;50126;27217;57600;508178;3060000;1;89
1;2025-11-05;50127;76080;57600;465589;1740000;6;2
1;2025-11-05;50128;17220;57600;447904;870000;5;4
1;2025-11-06;50121;34869;57600;527670;1740000;1;82
1;2025-11-06;501213;5595;57600;75008;870000;0;12
1;2025-11-06;501215;5452;57600;173029;2040000;0;14
1;2025-11-06;501219;14471;57600;50532;870000;2;10
1;2025-11-06;50122;35071;57600;523147;1740000;0;108
1;2025-11-06;50123;30109;57600;461018;1740000;0;97
1;2025-11-06;50124;31344;57600;504092;1740000;0;106
1;2025-11-06;50125;35361;57600;576204;1740000;0;107
1;2025-11-06;50126;21996;57600;379055;3060000;0;77
1;2025-11-06;50127;23460;57600;601975;1740000;3;9
1;2025-11-06;50128;4620;57600;118109;870000;0;3
1;2025-11-07;50121;44653;57600;661626;1740000;0;116
1;2025-11-07;501213;3855;57600;50001;870000;0;9
1;2025-11-07;501215;5365;57600;173012;2040000;0;9
1;2025-11-07;501216;4217;57600;112010;2040000;0;3
1;2025-11-07;501219;14791;57600;174148;870000;0;36
1;2025-11-07;50122;37597;57600;574197;1740000;0;111
1;2025-11-07;50123;40427;57600;622036;1740000;0;126
1;2025-11-07;50124;41036;57600;666078;1740000;0;137
1;2025-11-07;50125;42476;57600;706058;1740000;0;134
1;2025-11-07;50126;32796;57600;624202;3060000;1;106
1;2025-11-07;50127;8400;57600;181486;1740000;0;4
1;2025-11-08;50121;23346;57600;344021;1740000;0;65
1;2025-11-08;501213;2306;57600;25418;870000;2;4
1;2025-11-08;501215;5496;57600;180023;2040000;0;12
1;2025-11-08;501216;4423;57600;112013;2040000;0;3
1;2025-11-08;501219;7710;57600;97011;870000;0;18
1;2025-11-08;50122;23526;57600;347525;1740000;0;69
1;2025-11-08;50123;25273;57600;410021;1740000;0;87
1;2025-11-08;50124;31200;57600;500038;1740000;0;94
1;2025-11-08;50125;29753;57600;502096;1740000;0;106
1;2025-11-08;50126;22022;57600;343043;3060000;0;68
1;2025-11-08;50127;6900;57600;237590;1740000;0;4
1;2025-11-08;50128;2460;57600;59101;870000;0;1
1;2025-11-10;50121;46789;57600;645237;1740000;0;108
1;2025-11-10;501213;6116;57600;79004;870000;0;15
1;2025-11-10;501219;13247;57600;174985;870000;0;33
1;2025-11-10;50122;36072;57600;516673;1740000;1;106
1;2025-11-10;50123;38529;57600;614044;1740000;0;127
1;2025-11-10;50124;43296;57600;692095;1740000;0;145
1;2025-11-10;50125;43178;57600;700136;1740000;0;132
1;2025-11-10;50126;28214;57600;449077;3060000;0;84
1;2025-11-10;50127;14460;57600;397863;1740000;1;7
1;2025-11-10;50128;10080;57600;283676;870000;1;4
1;2025-11-11;50121;35675;57600;552083;1740000;0;111
1;2025-11-11;501213;7872;57600;109004;870000;0;18
1;2025-11-11;501219;5559;57600;65029;870000;0;15
1;2025-11-11;50122;33983;57600;488149;1740000;0;84
1;2025-11-11;50123;33217;57600;542010;1740000;0;92
1;2025-11-11;50124;33408;57600;521052;1740000;0;105
1;2025-11-11;50125;37789;57600;596105;1740000;0;112
1;2025-11-11;50126;26353;57600;443033;3060000;0;77
1;2025-11-11;50127;13680;57600;356312;1740000;0;6
1;2025-11-11;50128;3840;57600;118038;870000;0;2
1;2025-11-12;50121;25055;57600;367637;1740000;0;63
1;2025-11-12;501213;5416;57600;73009;870000;0;14
1;2025-11-12;501214;-429960;57600;119783;1740000;1;0
1;2025-11-12;501215;5090;57600;120133;2040000;3;10
1;2025-11-12;501219;5830;57600;78024;870000;0;15
1;2025-11-12;50122;29890;57600;452131;1740000;0;88
1;2025-11-12;50123;29771;57600;442025;1740000;3;82
1;2025-11-12;50124;36093;57600;543109;1740000;0;108
1;2025-11-12;50125;27594;57600;441060;1740000;0;86
1;2025-11-12;50126;24246;57600;441040;3060000;0;85
1;2025-11-12;50127;10560;57600;298758;1740000;3;2
1;2025-11-12;50128;13860;57600;175828;870000;1;2
1;2025-11-13;50121;35947;57600;495942;1740000;0;80
1;2025-11-13;501213;6220;57600;82008;870000;0;18
1;2025-11-13;501214;-4753620;57600;307618;1740000;4;0
1;2025-11-13;501215;1667;57600;63012;2040000;0;6
1;2025-11-13;501219;3878;57600;53019;870000;0;11
1;2025-11-13;50122;31790;57600;464080;1740000;0;82
1;2025-11-13;50123;36003;57600;553230;1740000;0;110
1;2025-11-13;50124;32442;57600;477216;1740000;0;99
1;2025-11-13;50125;33566;57600;548058;1740000;0;105
1;2025-11-13;50126;23535;57600;410054;3060000;0;75
1;2025-11-13;50127;22020;57600;413012;1740000;8;0
1;2025-11-13;50128;24480;57600;475456;870000;5;3
1;2025-11-14;50121;40093;57600;592432;1740000;0;105
1;2025-11-14;501213;8943;57600;120009;870000;0;22
1;2025-11-14;501214;-1206540;57600;63371;1740000;1;0
1;2025-11-14;501219;9651;57600;122015;870000;0;25
1;2025-11-14;50122;36045;57600;552155;1740000;0;114
1;2025-11-14;50123;38373;57600;612182;1740000;0;124
1;2025-11-14;50124;39728;57600;630083;1740000;0;121
1;2025-11-14;50125;40007;57600;665075;1740000;0;125
1;2025-11-14;50126;35220;57600;678319;3060000;2;96
1;2025-11-14;50127;11220;57600;245331;1740000;4;0
1;2025-11-14;50128;1980;57600;60425;870000;0;1
1;2025-11-15;50121;21141;57600;295592;1740000;0;60
1;2025-11-15;501213;1620;57600;20001;870000;0;4
1;2025-11-15;501219;4466;57600;57997;870000;0;12
1;2025-11-15;50122;16328;57600;229071;1740000;1;49
1;2025-11-15;50123;23453;57600;389037;1740000;0;77
1;2025-11-15;50124;22365;57600;369069;1740000;0;80
1;2025-11-15;50125;24678;57600;401044;1740000;0;77
1;2025-11-15;50126;16685;57600;280016;3060000;0;46
1;2025-11-16;501214;-1120560;57600;62470;1740000;1;0
1;2025-11-17;50121;38231;57600;570585;1740000;0;99
1;2025-11-17;501213;13592;57600;129454;870000;7;17
1;2025-11-17;501214;-1982880;57600;551774;1740000;8;0
1;2025-11-17;501215;8242;57600;168019;2040000;0;15
1;2025-11-17;501216;5737;57600;126050;2040000;0;12
1;2025-11-17;501219;9457;57600;121048;870000;0;26
1;2025-11-17;50122;42682;57600;628217;1740000;0;110
1;2025-11-17;50123;49369;57600;713145;1740000;0;130
1;2025-11-17;50124;42859;57600;695089;1740000;0;129
1;2025-11-17;50125;43737;57600;668053;1740000;0;130
1;2025-11-17;50126;33350;57600;476071;3060000;0;78
1;2025-11-18;50121;31071;57600;433064;1740000;0;64
1;2025-11-18;501213;6416;57600;82004;870000;0;17
1;2025-11-18;501214;-1207200;57600;63158;1740000;1;0
1;2025-11-18;501215;4975;57600;90996;2040000;0;8
1;2025-11-18;501219;5684;57600;67014;870000;0;13
1;2025-11-18;50122;34076;57600;451205;1740000;0;81
1;2025-11-18;50123;30412;57600;477028;1740000;0;101
1;2025-11-18;50124;35829;57600;557085;1740000;0;108
1;2025-11-18;50125;34881;57600;547087;1740000;0;112
1;2025-11-18;50126;19483;57600;309035;3060000;0;51
1;2025-11-19;50121;34940;57600;532383;1740000;1;80
1;2025-11-19;501213;11090;57600;138009;870000;0;25
1;2025-11-19;501214;6960;57600;183427;1740000;3;0
1;2025-11-19;501219;7824;57600;92998;870000;0;18
1;2025-11-19;50122;34777;57600;521388;1740000;0;94
1;2025-11-19;50123;36505;57600;603043;1740000;0;124
1;2025-11-19;50124;42104;57600;661044;1740000;0;113
1;2025-11-19;50125;42297;57600;714064;1740000;0;128
1;2025-11-19;50126;26195;57600;432053;3060000;0;78
1;2025-11-20;50121;14689;57600;215704;1740000;0;41
1;2025-11-20;501213;3793;57600;50003;870000;0;10
1;2025-11-20;501215;1828;57600;60003;2040000;0;5
1;2025-11-20;501219;3374;57600;45006;870000;0;9
1;2025-11-20;50122;14755;57600;207079;1740000;0;46
1;2025-11-20;50123;15652;57600;249001;1740000;0;51
1;2025-11-20;50124;17320;57600;266043;1740000;0;56
1;2025-11-20;50125;20534;57600;300063;1740000;0;57
1;2025-11-20;50126;16571;57600;314357;3060000;1;51
1;2025-11-21;50121;32208;57600;508238;1740000;1;88
1;2025-11-21;501213;10736;57600;145506;870000;0;22
1;2025-11-21;501214;2220;57600;59707;1740000;1;0
1;2025-11-21;501215;1809;57600;60007;2040000;0;5
1;2025-11-21;501219;4743;57600;60019;870000;0;12
1;2025-11-21;50122;36786;57600;512235;1740000;2;110
1;2025-11-21;50123;40262;57600;676063;1740000;1;136
1;2025-11-21;50124;39928;57600;676071;1740000;0;133
1;2025-11-21;50125;42697;57600;721087;1740000;0;135
1;2025-11-21;50126;26908;57600;488055;3060000;0;82
1;2025-11-22;50121;21681;57600;308036;1740000;0;57
1;2025-11-22;501213;3141;57600;42000;870000;0;6
1;2025-11-22;501215;1813;57600;63012;2040000;0;6
1;2025-11-22;501219;5531;57600;69991;870000;0;14
1;2025-11-22;50122;19114;57600;293041;1740000;0;57
1;2025-11-22;50123;26044;57600;410033;1740000;0;83
1;2025-11-22;50124;22700;57600;366039;1740000;0;69
1;2025-11-22;50125;26269;57600;439124;1740000;1;81
1;2025-11-22;50126;18435;57600;335039;3060000;0;65
1;2025-11-24;50121;36660;57600;502216;1740000;1;69
1;2025-11-24;501213;6127;57600;81006;870000;0;17
1;2025-11-24;501214;6900;57600;178847;1740000;3;0
1;2025-11-24;501215;8165;57600;242024;2040000;0;14
1;2025-11-24;501216;4507;57600;63023;2040000;0;6
1;2025-11-24;501219;6154;57600;76996;870000;0;15
1;2025-11-24;50122;34685;57600;500176;1740000;0;78
1;2025-11-24;50123;37222;57600;617210;1740000;1;112
1;2025-11-24;50124;41829;57600;627083;1740000;0;124
1;2025-11-24;50125;40414;57600;680111;1740000;0;130
1;2025-11-24;50126;31131;57600;521099;3060000;0;93
1;2025-11-25;50121;29174;57600;403611;1740000;4;64
1;2025-11-25;501213;5494;57600;75007;870000;0;12
1;2025-11-25;501215;6317;57600;167010;2040000;0;11
1;2025-11-25;501216;1822;57600;50004;2040000;0;1
1;2025-11-25;501219;5931;57600;73028;870000;0;16
1;2025-11-25;50122;25137;57600;375574;1740000;0;63
1;2025-11-25;50123;27727;57600;451146;1740000;0;96
1;2025-11-25;50124;31940;57600;488174;1740000;1;101
1;2025-11-25;50125;33280;57600;512086;1740000;0;95
1;2025-11-25;50126;22203;57600;385047;3060000;0;78
1;2025-11-26;50121;31353;57600;428668;1740000;2;81
1;2025-11-26;501213;5368;57600;70007;870000;0;12
1;2025-11-26;501214;29760;57600;242784;1740000;4;0
1;2025-11-26;501219;5971;57600;72996;870000;0;15
1;2025-11-26;50122;29727;57600;431618;1740000;0;64
1;2025-11-26;50123;32126;57600;476185;1740000;0;97
1;2025-11-26;50124;30862;57600;485202;1740000;2;85
1;2025-11-26;50125;34941;57600;568038;1740000;0;96
1;2025-11-26;50126;23757;57600;395035;3060000;0;70
1;2025-11-27;50121;30671;57600;435619;1740000;2;62
1;2025-11-27;501213;2683;57600;36003;870000;0;8
1;2025-11-27;501214;2640;57600;59347;1740000;1;0
1;2025-11-27;501215;5572;57600;122007;2040000;0;4
1;2025-11-27;501216;4040;57600;91023;2040000;0;8
1;2025-11-27;501219;4026;57600;51995;870000;0;10
1;2025-11-27;50122;27112;57600;347236;1740000;0;72
1;2025-11-27;50123;31516;57600;502047;1740000;0;95
1;2025-11-27;50124;33489;57600;521977;1740000;2;99
1;2025-11-27;50125;35770;57600;578044;1740000;0;99
1;2025-11-27;50126;24943;57600;400416;3060000;2;83
1;2025-11-28;50121;35876;57600;540671;1740000;0;101
1;2025-11-28;501213;5256;57600;70003;870000;0;11
1;2025-11-28;501214;4740;57600;119706;1740000;2;0
1;2025-11-28;501215;5366;57600;185025;2040000;0;13
1;2025-11-28;501216;6242;57600;136043;2040000;0;12
1;2025-11-28;501219;11145;57600;144998;870000;0;28
1;2025-11-28;50122;32269;57600;437757;1740000;3;81
1;2025-11-28;50123;40027;57600;633151;1740000;0;128
1;2025-11-28;50124;41547;57600;643052;1740000;0;124
1;2025-11-28;50125;38791;57600;627062;1740000;0;122
1;2025-11-28;50126;28405;57600;554114;3060000;0;89
1;2025-11-29;50121;18390;57600;268041;1740000;0;58
1;2025-11-29;501213;2213;57600;28000;870000;0;6
1;2025-11-29;501215;10984;57600;302031;2040000;0;19
1;2025-11-29;501216;12187;57600;283059;2040000;0;17
1;2025-11-29;501219;3251;57600;39991;870000;0;8
1;2025-11-29;50122;16524;57600;235081;1740000;0;50
1;2025-11-29;50123;22313;57600;353136;1740000;0;74
1;2025-11-29;50124;24969;57600;415031;1740000;0;71
1;2025-11-29;50125;25992;57600;396055;1740000;0;81
1;2025-11-29;50126;19774;57600;332045;3060000;0;64
5;2025-11-01;50161;1204;43200;30002;1260000;0;4
5;2025-11-01;50162;4800;43200;77024;1260000;1;14
5;2025-11-03;50161;9451;43200;168106;1260000;1;38
5;2025-11-03;50162;8821;43200;143961;1260000;2;25
5;2025-11-03;50163;1524;43200;12138;1260000;2;3
5;2025-11-04;50161;3089;43200;64562;1260000;1;6
5;2025-11-04;50162;1095;43200;15971;1260000;0;4
5;2025-11-05;50161;4266;43200;91073;1260000;1;14
5;2025-11-05;50162;5875;43200;115003;1260000;0;25
5;2025-11-05;50163;688;43200;9991;1260000;0;2
5;2025-11-06;50161;4035;43200;66003;1260000;0;15
5;2025-11-06;50162;2430;43200;54962;1260000;0;8
5;2025-11-07;50161;3609;43200;70053;1260000;0;16
5;2025-11-07;50162;7411;43200;131886;1260000;0;26
5;2025-11-08;50161;1689;43200;32058;1260000;0;6
5;2025-11-08;50162;5616;43200;114931;1260000;0;19
5;2025-11-08;50163;802;43200;155;1260000;4;0
5;2025-11-10;50161;7306;43200;141066;1260000;0;31
5;2025-11-10;50162;3926;43200;71081;1260000;1;15
5;2025-11-10;50163;1545;43200;16445;1260000;5;4
5;2025-11-11;50161;1633;43200;39990;1260000;0;9
5;2025-11-11;50162;4208;43200;74999;1260000;0;16
5;2025-11-12;50161;2118;43200;38051;1260000;0;10
5;2025-11-12;50162;6640;43200;138912;1260000;0;28
5;2025-11-12;50163;2400;43200;25166;1260000;2;5
5;2025-11-13;50161;1992;43200;25059;1260000;0;7
5;2025-11-13;50162;2377;43200;52008;1260000;0;10
5;2025-11-14;50161;4768;43200;101600;1260000;1;9
5;2025-11-14;50162;9758;43200;177895;1260000;0;36
5;2025-11-14;50163;556;43200;198;1260000;3;0
5;2025-11-15;50161;2090;43200;31999;1260000;0;7
5;2025-11-15;50162;3706;43200;78483;1260000;0;15
5;2025-11-17;50161;2734;43200;55039;1260000;0;10
5;2025-11-17;50162;5651;43200;117912;1260000;1;24
5;2025-11-17;50163;1139;43200;15218;1260000;2;5
5;2025-11-18;50161;2836;43200;76485;1260000;0;6
5;2025-11-18;50162;6309;43200;127038;1260000;2;29
5;2025-11-18;50163;466;43200;4988;1260000;0;1
5;2025-11-19;50161;4292;43200;104565;1260000;0;19
5;2025-11-19;50162;6494;43200;146422;1260000;0;26
5;2025-11-19;50163;359;43200;10002;1260000;0;2
5;2025-11-21;50161;3343;43200;46033;1260000;1;11
5;2025-11-21;50162;8457;43200;205958;1260000;4;35
5;2025-11-22;50161;3044;43200;70059;1260000;0;13
5;2025-11-22;50162;5758;43200;108479;1260000;1;21
5;2025-11-22;50163;891;43200;14987;1260000;0;1
5;2025-11-24;50161;1863;43200;40038;1260000;0;12
5;2025-11-24;50162;3856;43200;75039;1260000;0;16
5;2025-11-25;50161;6640;43200;136073;1260000;0;22
5;2025-11-25;50162;6697;43200;130006;1260000;0;29
5;2025-11-25;50163;703;43200;19987;1260000;0;4
5;2025-11-26;50161;4480;43200;75123;1260000;1;15
5;2025-11-26;50162;2861;43200;61991;1260000;1;13
5;2025-11-26;50163;1582;43200;30013;1260000;0;6
5;2025-11-27;50161;3144;43200;84519;1260000;1;9
5;2025-11-27;50162;1325;43200;28002;1260000;1;7
5;2025-11-28;50161;7999;43200;128091;1260000;1;24
5;2025-11-28;50162;6637;43200;144951;1260000;1;20
5;2025-11-29;50161;1210;43200;20053;1260000;1;4
5;2025-11-29;50162;3403;43200;52061;1260000;1;13
14;2025-11-01;50251;31581;82800;615031;4410000;0;108
14;2025-11-01;502510;40712;82800;781014;2460000;1;144
14;2025-11-01;502511;46524;82800;845143;2460000;2;151
14;2025-11-01;502512;44175;82800;910592;2460000;1;154
14;2025-11-01;502513;38547;82800;1008987;2460000;0;59
14;2025-11-01;502514;34846;82800;1022016;2460000;0;33
14;2025-11-01;502515;22327;82800;489974;2460000;1;42
14;2025-11-01;502516;22320;82800;501582;1230000;0;9
14;2025-11-01;50252;38056;82800;651206;2460000;2;137
14;2025-11-01;50253;41340;82800;1122810;2460000;0;19
14;2025-11-01;50254;23760;82800;769581;2460000;0;13
14;2025-11-01;50258;45160;82800;818589;2460000;2;157
14;2025-11-01;50259;30072;82800;545877;2460000;0;69
14;2025-11-03;50251;49488;82800;1024254;4410000;1;196
14;2025-11-03;502510;57571;82800;953065;2460000;2;199
14;2025-11-03;502511;61678;82800;1168256;2460000;3;213
14;2025-11-03;502512;60708;82800;1151565;2460000;5;206
14;2025-11-03;502513;64953;82800;1732995;2460000;0;103
14;2025-11-03;502514;64422;82800;1765132;2460000;2;58
14;2025-11-03;502515;41525;82800;935018;2460000;9;101
14;2025-11-03;502516;35820;82800;790256;1230000;0;14
14;2025-11-03;50252;57687;82800;1164504;2460000;2;208
14;2025-11-03;50253;62760;82800;1660815;2460000;0;29
14;2025-11-03;50254;53040;82800;1295265;2460000;0;22
14;2025-11-03;50258;63682;82800;1219027;2460000;0;217
14;2025-11-03;50259;32637;82800;446013;2460000;0;108
14;2025-11-04;50251;34250;82800;668054;4410000;0;130
14;2025-11-04;502510;41049;82800;767985;2460000;1;137
14;2025-11-04;502511;46050;82800;950595;2460000;0;137
14;2025-11-04;502512;60750;82800;1161141;2460000;1;185
14;2025-11-04;502513;42327;82800;1012479;2460000;0;76
14;2025-11-04;502514;49157;82800;1420031;2460000;0;46
14;2025-11-04;502515;34071;82800;753093;2460000;4;72
14;2025-11-04;502516;19020;82800;450734;1230000;0;8
14;2025-11-04;50252;38537;82800;674135;2460000;4;125
14;2025-11-04;50253;32160;82800;890266;2460000;0;15
14;2025-11-04;50254;15960;82800;423067;2460000;0;7
14;2025-11-04;50258;42791;82800;798026;2460000;0;140
14;2025-11-04;50259;27901;82800;513106;2460000;1;78
14;2025-11-05;50251;32243;82800;615044;4410000;0;129
14;2025-11-05;502510;46682;82800;898006;2460000;4;146
14;2025-11-05;502511;35279;82800;568598;2460000;2;113
14;2025-11-05;502512;57647;82800;1093193;2460000;6;177
14;2025-11-05;502513;45616;82800;1066954;2460000;0;86
14;2025-11-05;502514;40630;82800;1119167;2460000;2;36
14;2025-11-05;502515;31216;82800;632952;2460000;1;71
14;2025-11-05;502516;28740;82800;580503;1230000;1;11
14;2025-11-05;50252;43797;82800;755098;2460000;8;145
14;2025-11-05;50253;51240;82800;1214031;2460000;3;21
14;2025-11-05;50254;41340;82800;985574;2460000;0;17
14;2025-11-05;50258;36900;82800;683304;2460000;2;126
14;2025-11-05;50259;30573;82800;559983;2460000;0;86
14;2025-11-06;50251;38768;82800;747054;4410000;0;142
14;2025-11-06;502510;47204;82800;916946;2460000;2;175
14;2025-11-06;502511;55174;82800;993195;2460000;1;194
14;2025-11-06;502512;59416;82800;1204624;2460000;3;194
14;2025-11-06;502513;40943;82800;975973;2460000;3;71
14;2025-11-06;502514;23070;82800;707612;2460000;1;24
14;2025-11-06;502515;44383;82800;950462;2460000;4;96
14;2025-11-06;502516;33480;82800;786964;1230000;1;13
14;2025-11-06;50252;47288;82800;836100;2460000;2;167
14;2025-11-06;50253;24900;82800;414083;2460000;5;6
14;2025-11-06;50254;21720;82800;462365;2460000;0;8
14;2025-11-06;50258;34124;82800;617175;2460000;5;103
14;2025-11-06;50259;35950;82800;626012;2460000;0;107
14;2025-11-07;50251;50325;82800;950047;4410000;2;180
14;2025-11-07;502510;53749;82800;1014945;2460000;0;188
14;2025-11-07;502511;58792;82800;1160199;2460000;0;188
14;2025-11-07;502512;61082;82800;1282264;2460000;4;204
14;2025-11-07;502513;43145;82800;1070052;2460000;2;95
14;2025-11-07;502514;34448;82800;964016;2460000;0;31
14;2025-11-07;502515;33149;82800;775003;2460000;1;86
14;2025-11-07;502516;26640;82800;561112;1230000;0;10
14;2025-11-07;50252;48697;82800;899183;2460000;8;175
14;2025-11-07;50253;31860;82800;1146530;2460000;0;20
14;2025-11-07;50254;32580;82800;827012;2460000;1;14
14;2025-11-07;50258;47801;82800;860045;2460000;0;151
14;2025-11-07;50259;37946;82800;677097;2460000;0;128
14;2025-11-08;50251;34549;82800;712806;4410000;2;141
14;2025-11-08;502510;47981;82800;883548;2460000;2;163
14;2025-11-08;502511;46707;82800;869705;2460000;1;166
14;2025-11-08;502512;44098;82800;869230;2460000;6;144
14;2025-11-08;502513;33227;82800;827987;2460000;0;56
14;2025-11-08;502514;34027;82800;972139;2460000;2;33
14;2025-11-08;502515;25995;82800;622965;2460000;1;57
14;2025-11-08;502516;20400;82800;453141;1230000;0;8
14;2025-11-08;50252;38500;82800;741580;2460000;2;150
14;2025-11-08;50253;42660;82800;876949;2460000;0;16
14;2025-11-08;50254;41280;82800;759887;2460000;0;13
14;2025-11-08;50258;28589;82800;507019;2460000;0;103
14;2025-11-08;50259;27437;82800;531010;2460000;0;85
14;2025-11-09;50251;880;82800;22001;4410000;0;4
14;2025-11-09;502510;9228;82800;180003;2460000;2;18
14;2025-11-09;502511;6605;82800;120013;2460000;0;17
14;2025-11-09;502512;8055;82800;140008;2460000;0;21
14;2025-11-09;502513;8414;82800;237005;2460000;0;11
14;2025-11-09;502514;14116;82800;407006;2460000;0;13
14;2025-11-09;502515;9975;82800;262910;2460000;0;15
14;2025-11-09;50252;2593;82800;65000;2460000;0;6
14;2025-11-09;50253;4440;82800;114304;2460000;0;2
14;2025-11-09;50254;2820;82800;119872;2460000;0;2
14;2025-11-09;50258;3103;82800;60000;2460000;0;5
14;2025-11-09;50259;3819;82800;78001;2460000;0;5
14;2025-11-10;50251;48895;82800;881091;4410000;0;169
14;2025-11-10;502510;60481;82800;1177738;2460000;0;205
14;2025-11-10;502511;65923;82800;1236709;2460000;1;228
14;2025-11-10;502512;61330;82800;1288103;2460000;1;219
14;2025-11-10;502513;54208;82800;1240192;2460000;5;108
14;2025-11-10;502514;40027;82800;1200168;2460000;2;40
14;2025-11-10;502515;38333;82800;915397;2460000;4;92
14;2025-11-10;502516;36180;82800;773815;1230000;0;15
14;2025-11-10;50252;57959;82800;1052902;2460000;5;212
14;2025-11-10;50253;50400;82800;1158502;2460000;1;21
14;2025-11-10;50254;45900;82800;1208653;2460000;0;21
14;2025-11-10;50258;46691;82800;842186;2460000;6;168
14;2025-11-10;50259;42365;82800;799026;2460000;0;128
14;2025-11-11;50251;28242;82800;577052;4410000;0;117
14;2025-11-11;502510;40902;82800;739993;2460000;1;154
14;2025-11-11;502511;44512;82800;811137;2460000;0;152
14;2025-11-11;502512;52081;82800;1033560;2460000;0;157
14;2025-11-11;502513;52111;82800;1358608;2460000;5;68
14;2025-11-11;502514;42136;82800;1346384;2460000;6;43
14;2025-11-11;502515;35238;82800;828124;2460000;4;72
14;2025-11-11;502516;26760;82800;615968;1230000;0;11
14;2025-11-11;50252;38631;82800;713025;2460000;2;121
14;2025-11-11;50253;51360;82800;1253632;2460000;1;21
14;2025-11-11;50254;36660;82800;1046664;2460000;1;18
14;2025-11-11;50258;29860;82800;553032;2460000;0;103
14;2025-11-11;50259;34898;82800;652306;2460000;0;89
14;2025-11-12;50251;37917;82800;676047;4410000;0;125
14;2025-11-12;502510;49524;82800;933953;2460000;1;182
14;2025-11-12;502511;40755;82800;660117;2460000;0;110
14;2025-11-12;502512;49509;82800;1027580;2460000;0;183
14;2025-11-12;502513;38340;82800;876017;2460000;2;86
14;2025-11-12;502514;19147;82800;633125;2460000;2;20
14;2025-11-12;502515;39017;82800;941397;2460000;3;79
14;2025-11-12;502516;24360;82800;565444;1230000;0;10
14;2025-11-12;50252;39797;82800;708181;2460000;5;136
14;2025-11-12;50253;56100;82800;1373284;2460000;1;23
14;2025-11-12;50254;44280;82800;1416441;2460000;0;24
14;2025-11-12;50258;37768;82800;693027;2460000;2;126
14;2025-11-12;50259;28718;82800;548013;2460000;0;84
14;2025-11-13;50251;36780;82800;742072;4410000;0;143
14;2025-11-13;502510;49125;82800;917960;2460000;3;179
14;2025-11-13;502511;49913;82800;930171;2460000;1;146
14;2025-11-13;502512;52590;82800;1113607;2460000;2;177
14;2025-11-13;502513;41409;82800;956970;2460000;0;77
14;2025-11-13;502514;50093;82800;1467315;2460000;6;51
14;2025-11-13;502515;32133;82800;753326;2460000;1;77
14;2025-11-13;502516;13620;82800;334645;1230000;0;6
14;2025-11-13;50252;39117;82800;698118;2460000;2;142
14;2025-11-13;50253;41580;82800;1173034;2460000;0;21
14;2025-11-13;50254;38580;82800;972927;2460000;0;18
14;2025-11-13;50258;36601;82800;702045;2460000;0;129
14;2025-11-13;50259;30186;82800;527013;2460000;0;85
14;2025-11-14;50251;43843;82800;815091;4410000;0;162
14;2025-11-14;502510;62500;82800;1135350;2460000;1;215
14;2025-11-14;502511;60922;82800;1111243;2460000;2;214
14;2025-11-14;502512;61162;82800;1265274;2460000;5;218
14;2025-11-14;502513;47045;82800;1289501;2460000;0;96
14;2025-11-14;502514;44034;82800;1367242;2460000;4;47
14;2025-11-14;502515;42041;82800;986015;2460000;2;112
14;2025-11-14;502516;24720;82800;568105;1230000;0;10
14;2025-11-14;50252;55606;82800;1013662;2460000;6;207
14;2025-11-14;50253;52680;82800;1568624;2460000;0;27
14;2025-11-14;50254;45060;82800;1149219;2460000;2;20
14;2025-11-14;50258;50060;82800;879196;2460000;2;152
14;2025-11-14;50259;45020;82800;857662;2460000;1;128
14;2025-11-15;50251;42402;82800;773165;4410000;1;153
14;2025-11-15;502510;44058;82800;834005;2460000;2;156
14;2025-11-15;502511;54481;82800;1008162;2460000;0;183
14;2025-11-15;502512;47822;82800;1030624;2460000;1;148
14;2025-11-15;502513;43669;82800;955117;2460000;3;83
14;2025-11-15;502514;39446;82800;1217024;2460000;0;39
14;2025-11-15;502515;35677;82800;951007;2460000;0;84
14;2025-11-15;502516;29100;82800;670567;1230000;0;12
14;2025-11-15;50252;40257;82800;697040;2460000;1;141
14;2025-11-15;50253;37200;82800;1064683;2460000;0;18
14;2025-11-15;50254;41280;82800;1068774;2460000;0;18
14;2025-11-15;50258;31441;82800;598022;2460000;4;108
14;2025-11-15;50259;33611;82800;634944;2460000;0;93
14;2025-11-17;50251;50192;82800;830055;4410000;2;156
14;2025-11-17;502510;54604;82800;886952;2460000;4;185
14;2025-11-17;502511;63212;82800;1128186;2460000;1;215
14;2025-11-17;502512;62159;82800;1167085;2460000;1;209
14;2025-11-17;502513;49067;82800;1167996;2460000;0;76
14;2025-11-17;502514;43316;82800;1087170;2460000;5;38
14;2025-11-17;502515;44571;82800;1008513;2460000;6;95
14;2025-11-17;502516;22440;82800;445794;1230000;0;10
14;2025-11-17;50252;57688;82800;922064;2460000;12;181
14;2025-11-17;50253;46080;82800;1074697;2460000;2;20
14;2025-11-17;50254;35220;82800;739372;2460000;2;14
14;2025-11-17;50258;43896;82800;811682;2460000;9;113
14;2025-11-17;50259;42754;82800;708973;2460000;0;124
14;2025-11-18;50251;28035;82800;560064;4410000;0;110
14;2025-11-18;502510;45827;82800;865956;2460000;0;171
14;2025-11-18;502511;50934;82800;906165;2460000;1;164
14;2025-11-18;502512;54404;82800;1109079;2460000;1;167
14;2025-11-18;502513;49025;82800;1182028;2460000;1;77
14;2025-11-18;502514;45430;82800;1404418;2460000;6;45
14;2025-11-18;502515;42633;82800;949536;2460000;15;88
14;2025-11-18;502516;32280;82800;738121;1230000;1;13
14;2025-11-18;50252;41567;82800;702076;2460000;1;127
14;2025-11-18;50253;47520;82800;1225682;2460000;0;21
14;2025-11-18;50254;39900;82800;1078429;2460000;0;19
14;2025-11-18;50255;2292720;82800;19;2460000;1;0
14;2025-11-18;50258;30952;82800;568019;2460000;4;93
14;2025-11-18;50259;37760;82800;682007;2460000;0;107
14;2025-11-19;50251;41581;82800;830159;4410000;0;151
14;2025-11-19;502510;52570;82800;866939;2460000;5;160
14;2025-11-19;502511;60667;82800;1048721;2460000;1;196
14;2025-11-19;502512;59058;82800;1191058;2460000;3;181
14;2025-11-19;502513;48534;82800;1175002;2460000;1;79
14;2025-11-19;502514;50183;82800;1342156;2460000;2;43
14;2025-11-19;502515;40165;82800;858609;2460000;2;81
14;2025-11-19;502516;29220;82800;622674;1230000;0;11
14;2025-11-19;50252;47133;82800;826362;2460000;8;170
14;2025-11-19;50253;37380;82800;1020445;2460000;0;17
14;2025-11-19;50254;35340;82800;882043;2460000;1;15
14;2025-11-19;50258;44858;82800;785029;2460000;2;153
14;2025-11-19;50259;36606;82800;644829;2460000;0;109
14;2025-11-20;50251;24539;82800;485037;4410000;1;96
14;2025-11-20;502510;31853;82800;607518;2460000;4;105
14;2025-11-20;502511;33597;82800;580102;2460000;0;107
14;2025-11-20;502512;30022;82800;613085;2460000;3;98
14;2025-11-20;502513;34693;82800;875914;2460000;0;66
14;2025-11-20;502514;28629;82800;814224;2460000;4;28
14;2025-11-20;502515;26710;82800;657150;2460000;2;57
14;2025-11-20;502516;19620;82800;445439;1230000;0;8
14;2025-11-20;50252;29905;82800;568093;2460000;1;97
14;2025-11-20;50253;13560;82800;247951;2460000;1;4
14;2025-11-20;50254;15420;82800;301621;2460000;0;5
14;2025-11-20;50258;31620;82800;591582;2460000;1;99
14;2025-11-20;50259;22921;82800;413000;2460000;0;68
14;2025-11-21;50251;46695;82800;936076;4410000;1;177
14;2025-11-21;502510;57525;82800;1109950;2460000;1;209
14;2025-11-21;502511;53444;82800;988823;2460000;2;170
14;2025-11-21;502512;59072;82800;1300240;2460000;5;206
14;2025-11-21;502513;53077;82800;1369005;2460000;2;77
14;2025-11-21;502514;42811;82800;1284329;2460000;6;44
14;2025-11-21;502515;43560;82800;1125202;2460000;0;140
14;2025-11-21;502516;22740;82800;562299;1230000;0;10
14;2025-11-21;50252;58834;82800;1097115;2460000;2;224
14;2025-11-21;50253;63720;82800;1678259;2460000;1;27
14;2025-11-21;50254;59040;82800;1545625;2460000;1;28
14;2025-11-21;50258;50467;82800;931018;2460000;4;168
14;2025-11-21;50259;46193;82800;868045;2460000;1;159
14;2025-11-22;50251;35428;82800;700062;4410000;0;134
14;2025-11-22;502510;48723;82800;854935;2460000;2;159
14;2025-11-22;502511;50098;82800;961696;2460000;0;163
14;2025-11-22;502512;42152;82800;913062;2460000;0;152
14;2025-11-22;502513;42934;82800;1123455;2460000;0;78
14;2025-11-22;502514;34075;82800;1077172;2460000;4;35
14;2025-11-22;502515;24829;82800;545010;2460000;0;42
14;2025-11-22;502516;17820;82800;452112;1230000;0;8
14;2025-11-22;50252;43281;82800;781207;2460000;6;148
14;2025-11-22;50253;56040;82800;1305942;2460000;2;22
14;2025-11-22;50254;43200;82800;1179626;2460000;0;20
14;2025-11-22;50258;34580;82800;658031;2460000;1;119
14;2025-11-22;50259;27423;82800;513717;2460000;0;82
14;2025-11-23;50251;3992;82800;44004;4410000;0;10
14;2025-11-23;502510;5465;82800;99999;2460000;0;15
14;2025-11-23;502511;5329;82800;90012;2460000;0;13
14;2025-11-23;502512;9109;82800;201011;2460000;0;18
14;2025-11-23;502513;12835;82800;309994;2460000;0;17
14;2025-11-23;502514;12545;82800;353092;2460000;1;11
14;2025-11-23;502515;8572;82800;260004;2460000;0;13
14;2025-11-23;50252;3101;82800;59108;2460000;6;9
14;2025-11-23;50253;3540;82800;59672;2460000;0;1
14;2025-11-23;50254;3600;82800;119323;2460000;0;2
14;2025-11-23;50258;3097;82800;67000;2460000;0;3
14;2025-11-23;50259;5611;82800;119998;2460000;0;5
14;2025-11-24;50251;48278;82800;883580;4410000;0;171
14;2025-11-24;502510;62826;82800;1184986;2460000;5;208
14;2025-11-24;502511;65879;82800;1208147;2460000;0;212
14;2025-11-24;502512;61568;82800;1358129;2460000;1;196
14;2025-11-24;502513;58154;82800;1464847;2460000;8;92
14;2025-11-24;502514;52963;82800;1595208;2460000;4;54
14;2025-11-24;502515;48791;82800;1171369;2460000;1;149
14;2025-11-24;502516;34500;82800;894824;1230000;0;16
14;2025-11-24;50252;63851;82800;1150057;2460000;0;213
14;2025-11-24;50253;52620;82800;1251167;2460000;0;21
14;2025-11-24;50254;46260;82800;1559413;2460000;1;26
14;2025-11-24;50258;48714;82800;926528;2460000;4;177
14;2025-11-24;50259;51951;82800;979522;2460000;0;165
14;2025-11-25;50251;35216;82800;693046;4410000;0;140
14;2025-11-25;502510;42224;82800;849067;2460000;3;121
14;2025-11-25;502511;45075;82800;812420;2460000;2;133
14;2025-11-25;502512;49405;82800;1010942;2460000;1;162
14;2025-11-25;502513;41405;82800;1082303;2460000;1;61
14;2025-11-25;502514;42135;82800;1293383;2460000;6;41
14;2025-11-25;502515;32851;82800;794299;2460000;13;66
14;2025-11-25;502516;35160;82800;845085;1230000;0;15
14;2025-11-25;50252;34752;82800;553178;2460000;4;116
14;2025-11-25;50253;87540;82800;1105934;2460000;2;18
14;2025-11-25;50254;20340;82800;523349;2460000;0;9
14;2025-11-25;50258;33125;82800;611017;2460000;0;106
14;2025-11-25;50259;28563;82800;505015;2460000;0;103
14;2025-11-26;50251;30346;82800;587047;4410000;0;114
14;2025-11-26;502510;27813;82800;521080;2460000;3;85
14;2025-11-26;502511;52058;82800;950149;2460000;0;160
14;2025-11-26;502512;53848;82800;1163126;2460000;1;190
14;2025-11-26;502513;38641;82800;947921;2460000;0;75
14;2025-11-26;502514;33358;82800;977129;2460000;2;33
14;2025-11-26;502515;37027;82800;1035114;2460000;0;99
14;2025-11-26;502516;19800;82800;452625;1230000;0;8
14;2025-11-26;50252;43895;82800;766228;2460000;5;145
14;2025-11-26;50253;36600;82800;893961;2460000;1;15
14;2025-11-26;50254;45060;82800;1281664;2460000;0;22
14;2025-11-26;50258;36283;82800;662417;2460000;7;124
14;2025-11-26;50259;19104;82800;326919;2460000;0;58
14;2025-11-27;50251;38233;82800;708101;4410000;6;137
14;2025-11-27;502510;52839;82800;950022;2460000;7;167
14;2025-11-27;502511;39770;82800;697608;2460000;1;122
14;2025-11-27;502512;55096;82800;1168081;2460000;1;185
14;2025-11-27;502513;52566;82800;1352996;2460000;1;88
14;2025-11-27;502514;44952;82800;1387272;2460000;4;46
14;2025-11-27;502515;41295;82800;1002166;2460000;5;84
14;2025-11-27;502516;29280;82800;674648;1230000;0;12
14;2025-11-27;50252;48433;82800;932262;2460000;6;154
14;2025-11-27;50253;49320;82800;1025294;2460000;0;19
14;2025-11-27;50254;43140;82800;1081222;2460000;0;19
14;2025-11-27;50258;50711;82800;846496;2460000;14;136
14;2025-11-27;50259;36339;82800;679019;2460000;0;113
14;2025-11-28;50251;48900;82800;876485;4410000;0;174
14;2025-11-28;502510;49053;82800;914342;2460000;2;176
14;2025-11-28;502511;58295;82800;1064205;2460000;0;190
14;2025-11-28;502512;57314;82800;1213153;2460000;2;180
14;2025-11-28;502513;46921;82800;1167928;2460000;0;79
14;2025-11-28;502514;39972;82800;1269198;2460000;3;42
14;2025-11-28;502515;44216;82800;1077128;2460000;4;119
14;2025-11-28;502516;29940;82800;672422;1230000;0;12
14;2025-11-28;50252;49448;82800;959142;2460000;2;169
14;2025-11-28;50253;59700;82800;1604646;2460000;1;28
14;2025-11-28;50254;37320;82800;1034228;2460000;1;18
14;2025-11-28;50258;52045;82800;970027;2460000;6;170
14;2025-11-28;50259;40078;82800;718018;2460000;0;120
14;2025-11-29;50251;28683;82800;538148;4410000;0;103
14;2025-11-29;502510;49623;82800;929367;2460000;6;166
14;2025-11-29;502511;52763;82800;1013214;2460000;0;200
14;2025-11-29;502512;53299;82800;1126112;2460000;1;183
14;2025-11-29;502513;43827;82800;1146120;2460000;4;59
14;2025-11-29;502514;44159;82800;1267432;2460000;18;46
14;2025-11-29;502515;42618;82800;1008073;2460000;1;111
14;2025-11-29;502516;22500;82800;497629;1230000;1;9
14;2025-11-29;50252;44071;82800;783172;2460000;1;153
14;2025-11-29;50253;54180;82800;1296279;2460000;2;22
14;2025-11-29;50254;36540;82800;932945;2460000;0;17
14;2025-11-29;50258;42237;82800;779015;2460000;0;106
14;2025-11-29;50259;34466;82800;630023;2460000;0;109
18;2025-11-01;50291;41535;75600;606241;2280000;3;119
18;2025-11-01;502910;49800;75600;1198;1140000;1;0
18;2025-11-01;50292;45487;75600;676066;2280000;0;124
18;2025-11-01;50293;43790;75600;683101;2280000;0;130
18;2025-11-01;50294;24884;75600;402833;2280000;2;22
18;2025-11-01;50296;11704;75600;145010;2280000;0;27
18;2025-11-01;50297;44012;75600;687088;2280000;1;123
18;2025-11-02;50291;2320;75600;20000;2280000;0;4
18;2025-11-02;50292;2063;75600;15000;2280000;0;3
18;2025-11-02;50294;25863;75600;386166;2280000;4;9
18;2025-11-02;50297;3289;75600;35001;2280000;0;7
18;2025-11-03;50291;60321;75600;910132;2280000;0;175
18;2025-11-03;50292;61437;75600;900071;2280000;0;172
18;2025-11-03;50293;62112;75600;979163;2280000;1;195
18;2025-11-03;50294;37509;75600;621367;2280000;6;29
18;2025-11-03;50296;13900;75600;165007;2280000;0;33
18;2025-11-03;50297;57477;75600;944090;2280000;0;179
18;2025-11-04;50291;55035;75600;799108;2280000;0;156
18;2025-11-04;50292;53189;75600;751059;2280000;0;147
18;2025-11-04;50293;53410;75600;819143;2280000;0;158
18;2025-11-04;50294;39280;75600;700592;2280000;8;48
18;2025-11-04;50296;20456;75600;241029;2280000;0;46
18;2025-11-04;50297;52170;75600;805089;2280000;0;150
18;2025-11-05;50291;53842;75600;780111;2280000;0;146
18;2025-11-05;50292;55065;75600;765068;2280000;0;160
18;2025-11-05;50293;50680;75600;810117;2280000;0;152
18;2025-11-05;50294;17057;75600;330049;2280000;1;33
18;2025-11-05;50296;22246;75600;273016;2280000;0;48
18;2025-11-05;50297;52994;75600;822115;2280000;1;146
18;2025-11-06;50291;67591;75600;1018142;2280000;0;185
18;2025-11-06;50292;64136;75600;956084;2280000;0;168
18;2025-11-06;50293;67809;75600;1094246;2280000;0;212
18;2025-11-06;50294;4328;75600;54999;2280000;0;11
18;2025-11-06;50296;44880;75600;518997;2280000;1;67
18;2025-11-06;50297;67108;75600;1063582;2280000;0;157
18;2025-11-07;50291;63617;75600;947127;2280000;0;178
18;2025-11-07;50292;64968;75600;953807;2280000;0;176
18;2025-11-07;50293;63059;75600;1015184;2280000;0;193
18;2025-11-07;50294;9902;75600;117999;2280000;0;24
18;2025-11-07;50296;33763;75600;372619;2280000;3;63
18;2025-11-07;50297;54135;75600;898152;2280000;1;165
18;2025-11-08;50291;46962;75600;689139;2280000;1;137
18;2025-11-08;50292;53163;75600;796067;2280000;0;135
18;2025-11-08;50293;52997;75600;844182;2280000;0;167
18;2025-11-08;50294;4954;75600;65000;2280000;0;13
18;2025-11-08;50296;15291;75600;178304;2280000;5;34
18;2025-11-08;50297;43562;75600;716109;2280000;1;141
18;2025-11-09;50291;10668;75600;130004;2280000;0;25
18;2025-11-09;50292;10579;75600;92995;2280000;0;21
18;2025-11-09;50293;7090;75600;85009;2280000;0;17
18;2025-11-09;50294;24968;75600;422088;2280000;0;13
18;2025-11-09;50296;4431;75600;35185;2280000;2;7
18;2025-11-09;50297;5781;75600;70002;2280000;0;14
18;2025-11-10;50291;69083;75600;1039201;2280000;2;199
18;2025-11-10;50292;67452;75600;1015071;2280000;0;185
18;2025-11-10;50293;69886;75600;1180269;2280000;0;232
18;2025-11-10;50294;24069;75600;415172;2280000;1;25
18;2025-11-10;50296;23527;75600;287014;2280000;0;57
18;2025-11-10;50297;67893;75600;1114135;2280000;1;219
18;2025-11-11;50291;62927;75600;946098;2280000;0;179
18;2025-11-11;50292;62283;75600;869085;2280000;0;174
18;2025-11-11;50293;43730;75600;634236;2280000;0;127
18;2025-11-11;50294;29771;75600;520045;2280000;1;22
18;2025-11-11;50296;27101;75600;314492;2280000;5;61
18;2025-11-11;50297;55066;75600;910093;2280000;0;169
18;2025-11-12;50291;57955;75600;826105;2280000;0;158
18;2025-11-12;502910;2280;75600;1498;1140000;1;0
18;2025-11-12;50292;60315;75600;894084;2280000;1;174
18;2025-11-12;50293;55708;75600;911620;2280000;0;164
18;2025-11-12;50294;30962;75600;580114;2280000;1;25
18;2025-11-12;50296;16365;75600;191008;2280000;0;35
18;2025-11-12;50297;56622;75600;942205;2280000;0;173
18;2025-11-13;50291;66725;75600;981095;2280000;0;170
18;2025-11-13;50292;64561;75600;920078;2280000;0;182
18;2025-11-13;50293;60909;75600;943054;2280000;1;190
18;2025-11-13;50294;26449;75600;400219;2280000;6;22
18;2025-11-13;50296;25064;75600;305512;2280000;0;50
18;2025-11-13;50297;45598;75600;764080;2280000;0;146
18;2025-11-14;50291;63558;75600;1020134;2280000;0;199
18;2025-11-14;50292;68478;75600;1011105;2280000;0;192
18;2025-11-14;50293;66407;75600;1045118;2280000;1;188
18;2025-11-14;50294;26394;75600;440181;2280000;2;17
18;2025-11-14;50296;33435;75600;377517;2280000;0;70
18;2025-11-14;50297;61317;75600;1075371;2280000;2;198
18;2025-11-15;50291;43191;75600;644084;2280000;0;117
18;2025-11-15;50292;44358;75600;670056;2280000;0;133
18;2025-11-15;50293;50504;75600;787558;2280000;0;151
18;2025-11-15;50294;28742;75600;511413;2280000;5;16
18;2025-11-15;50296;21019;75600;258174;2280000;2;53
18;2025-11-15;50297;35792;75600;645077;2280000;0;110
18;2025-11-16;50292;10203;75600;109000;2280000;0;23
18;2025-11-16;50293;9243;75600;120008;2280000;0;22
18;2025-11-16;50294;14599;75600;218073;2280000;1;5
18;2025-11-16;50296;3676;75600;40002;2280000;0;8
18;2025-11-17;50291;63233;75600;969097;2280000;0;181
18;2025-11-17;50292;60792;75600;938082;2280000;0;188
18;2025-11-17;50293;64614;75600;1052756;2280000;3;191
18;2025-11-17;50294;45211;75600;765351;2280000;5;37
18;2025-11-17;50296;33683;75600;422357;2280000;4;72
18;2025-11-17;50297;46418;75600;785068;2280000;0;156
18;2025-11-18;50291;55847;75600;931130;2280000;0;181
18;2025-11-18;50292;57969;75600;815069;2280000;1;155
18;2025-11-18;50293;54357;75600;841077;2280000;4;159
18;2025-11-18;50294;26738;75600;443163;2280000;2;21
18;2025-11-18;50296;24168;75600;268040;2280000;0;50
18;2025-11-18;50297;45350;75600;724449;2280000;0;141
18;2025-11-19;50291;64643;75600;1094140;2280000;2;206
18;2025-11-19;502910;8340;75600;598;1140000;1;0
18;2025-11-19;50292;64159;75600;942076;2280000;2;180
18;2025-11-19;50293;67758;75600;1120130;2280000;0;205
18;2025-11-19;50294;25958;75600;404999;2280000;0;25
18;2025-11-19;50296;26440;75600;258971;2280000;0;55
18;2025-11-19;50297;40682;75600;641373;2280000;0;129
18;2025-11-20;50291;33440;75600;536065;2280000;0;96
18;2025-11-20;50292;34721;75600;469048;2280000;0;90
18;2025-11-20;50293;32369;75600;486062;2280000;0;85
18;2025-11-20;50294;3402;75600;39999;2280000;3;6
18;2025-11-20;50296;18039;75600;207022;2280000;0;31
18;2025-11-20;50297;24096;75600;353038;2280000;0;73
18;2025-11-21;50291;60552;75600;1046139;2280000;4;203
18;2025-11-21;50292;63298;75600;1004099;2280000;0;191
18;2025-11-21;50293;68383;75600;1100137;2280000;0;205
18;2025-11-21;50294;32027;75600;646004;2280000;5;28
18;2025-11-21;50296;37921;75600;447029;2280000;0;75
18;2025-11-21;50297;22243;75600;303939;2280000;0;60
18;2025-11-22;50291;49370;75600;771130;2280000;0;145
18;2025-11-22;50292;50345;75600;814068;2280000;0;145
18;2025-11-22;50293;49954;75600;826126;2280000;0;158
18;2025-11-22;50294;29647;75600;421070;2280000;1;24
18;2025-11-22;50296;26080;75600;286029;2280000;0;50
18;2025-11-22;50297;21478;75600;302028;2280000;0;62
18;2025-11-23;50291;5787;75600;80030;2280000;0;16
18;2025-11-23;50292;4654;75600;45009;2280000;0;9
18;2025-11-23;50293;5727;75600;60016;2280000;0;13
18;2025-11-23;50294;13296;75600;188050;2280000;1;6
18;2025-11-23;50296;3293;75600;25035;2280000;0;6
18;2025-11-24;50291;66063;75600;1137150;2280000;0;215
18;2025-11-24;502910;420;75600;1198;1140000;1;0
18;2025-11-24;50292;67562;75600;1144120;2280000;0;215
18;2025-11-24;50293;69349;75600;1120152;2280000;0;219
18;2025-11-24;50294;36183;75600;566829;2280000;0;29
18;2025-11-24;50296;44393;75600;488043;2280000;1;96
18;2025-11-24;50297;39159;75600;567625;2280000;4;106
18;2025-11-25;50291;55916;75600;934092;2280000;0;176
18;2025-11-25;50292;57180;75600;885076;2280000;0;147
18;2025-11-25;50293;59318;75600;986128;2280000;0;177
18;2025-11-25;50294;42323;75600;745016;2280000;0;20
18;2025-11-25;50296;31572;75600;355797;2280000;4;60
18;2025-11-25;50297;55702;75600;998072;2280000;0;166
18;2025-11-26;50291;54896;75600;946169;2280000;2;164
18;2025-11-26;502910;1740;75600;2398;1140000;1;0
18;2025-11-26;50292;58917;75600;933060;2280000;0;159
18;2025-11-26;50293;62929;75600;1073398;2280000;5;194
18;2025-11-26;50294;49493;75600;800029;2280000;5;38
18;2025-11-26;50296;27903;75600;301006;2280000;0;33
18;2025-11-26;50297;58243;75600;1038102;2280000;0;161
18;2025-11-27;50291;56546;75600;986145;2280000;0;184
18;2025-11-27;502910;60;75600;498;1140000;1;0
18;2025-11-27;50292;55196;75600;876093;2280000;0;144
18;2025-11-27;50293;57665;75600;965412;2280000;4;166
18;2025-11-27;50294;31376;75600;620205;2280000;0;33
18;2025-11-27;50296;24975;75600;233019;2280000;0;47
18;2025-11-27;50297;51030;75600;880111;2280000;0;145
18;2025-11-28;50291;51174;75600;850098;2280000;0;163
18;2025-11-28;50292;58492;75600;884097;2280000;0;176
18;2025-11-28;50293;57777;75600;969167;2280000;0;185
18;2025-11-28;50294;28856;75600;625014;2280000;0;26
18;2025-11-28;50296;25780;75600;253330;2280000;5;31
18;2025-11-28;50297;54517;75600;964100;2280000;0;163
18;2025-11-29;50291;55506;75600;932102;2280000;0;150
18;2025-11-29;50292;52778;75600;793328;2280000;3;119
18;2025-11-29;50293;52625;75600;874471;2280000;3;157
18;2025-11-29;50294;26426;75600;445024;2280000;0;14
18;2025-11-29;50296;23248;75600;229879;2280000;0;44
18;2025-11-29;50297;58106;75600;1004117;2280000;0;169
18;2025-11-30;50291;5746;75600;75008;2280000;0;16
18;2025-11-30;50292;7470;75600;92002;2280000;0;8
18;2025-11-30;50293;15098;75600;238007;2280000;0;17
18;2025-11-30;50294;17273;75600;250001;2280000;0;5
18;2025-11-30;50296;10654;75600;121994;2280000;0;14
18;2025-11-30;50297;9243;75600;116005;2280000;0;14
29;2025-11-01;50401;26548;82800;503968;2460000;0;91
29;2025-11-01;504010;10380;82800;242923;1230000;0;4
29;2025-11-01;504011;2460;82800;61595;1230000;0;1
29;2025-11-01;50402;12678;82800;265008;2460000;0;48
29;2025-11-01;50403;21169;82800;381807;2460000;0;77
29;2025-11-01;50404;19403;82800;371026;2460000;0;78
29;2025-11-01;50405;8182;82800;132006;2460000;0;22
29;2025-11-01;50406;11529;82800;219014;2460000;0;35
29;2025-11-01;50408;2400;82800;63029;1230000;0;1
29;2025-11-01;50409;3660;82800;62012;1230000;0;1
29;2025-11-03;50401;45347;82800;850451;2460000;0;164
29;2025-11-03;504010;32220;82800;646297;1230000;5;7
29;2025-11-03;504011;6120;82800;124878;1230000;0;2
29;2025-11-03;50402;25818;82800;443018;2460000;0;88
29;2025-11-03;50403;39010;82800;747313;2460000;0;153
29;2025-11-03;50404;40129;82800;798050;2460000;0;142
29;2025-11-03;50405;26044;82800;463014;2460000;0;56
29;2025-11-03;50406;28365;82800;518028;2460000;0;98
29;2025-11-03;50408;16080;82800;336770;1230000;0;6
29;2025-11-03;50409;28500;82800;583392;1230000;0;10
29;2025-11-04;50401;45145;82800;829945;2460000;0;157
29;2025-11-04;504010;9720;82800;234401;1230000;1;4
29;2025-11-04;504011;3180;82800;57944;1230000;0;1
29;2025-11-04;50402;22710;82800;416022;2460000;0;88
29;2025-11-04;50403;41447;82800;735213;2460000;1;129
29;2025-11-04;50404;29461;82800;592079;2460000;1;106
29;2025-11-04;50405;22447;82800;400016;2460000;0;59
29;2025-11-04;50406;28250;82800;530307;2460000;3;104
29;2025-11-04;50408;17940;82800;380422;1230000;0;7
29;2025-11-04;50409;12900;82800;304086;1230000;0;5
29;2025-11-05;50401;43016;82800;819467;2460000;0;157
29;2025-11-05;504010;10080;82800;242702;1230000;1;4
29;2025-11-05;504011;2280;82800;58023;1230000;0;1
29;2025-11-05;50402;34297;82800;657031;2460000;0;130
29;2025-11-05;50403;37476;82800;693018;2460000;0;136
29;2025-11-05;50404;39883;82800;752044;2460000;0;154
29;2025-11-05;50405;21406;82800;331021;2460000;0;66
29;2025-11-05;50406;34070;82800;578635;2460000;1;107
29;2025-11-05;50408;20880;82800;445233;1230000;0;8
29;2025-11-05;50409;31620;82800;604600;1230000;0;11
29;2025-11-06;50401;44022;82800;808956;2460000;0;146
29;2025-11-06;504010;14280;82800;305226;1230000;3;3
29;2025-11-06;504011;2220;82800;58000;1230000;0;1
29;2025-11-06;50402;30160;82800;595022;2460000;0;119
29;2025-11-06;50403;37323;82800;734404;2460000;0;126
29;2025-11-06;50404;36590;82800;713040;2460000;0;136
29;2025-11-06;50405;28186;82800;492521;2460000;0;69
29;2025-11-06;50406;41542;82800;764835;2460000;0;124
29;2025-11-06;50408;34620;82800;768971;1230000;2;12
29;2025-11-06;50409;36780;82800;734575;1230000;2;11
29;2025-11-07;50401;50248;82800;892057;2460000;0;165
29;2025-11-07;504010;9780;82800;238427;1230000;1;4
29;2025-11-07;504011;2280;82800;57919;1230000;0;1
29;2025-11-07;50402;31760;82800;609020;2460000;0;119
29;2025-11-07;50403;40703;82800;744311;2460000;0;135
29;2025-11-07;50404;35097;82800;740910;2460000;0;135
29;2025-11-07;50405;15456;82800;251010;2460000;0;39
29;2025-11-07;50406;34471;82800;682035;2460000;0;113
29;2025-11-07;50408;32700;82800;662381;1230000;0;12
29;2025-11-07;50409;34080;82800;647948;1230000;0;12
29;2025-11-08;50401;27232;82800;456414;2460000;0;83
29;2025-11-08;504010;23460;82800;542442;1230000;3;6
29;2025-11-08;50402;21173;82800;412213;2460000;0;74
29;2025-11-08;50403;22656;82800;417013;2460000;0;63
29;2025-11-08;50404;20809;82800;403016;2460000;0;82
29;2025-11-08;50405;9281;82800;155006;2460000;0;24
29;2025-11-08;50406;16086;82800;295446;2460000;4;53
29;2025-11-08;50408;10260;82800;243112;1230000;1;3
29;2025-11-08;50409;14100;82800;303504;1230000;0;5
29;2025-11-09;50408;2520;82800;59843;1230000;0;1
29;2025-11-10;50401;44754;82800;900921;2460000;0;150
29;2025-11-10;504010;9780;82800;204823;1230000;1;3
29;2025-11-10;504011;2520;82800;57932;1230000;0;1
29;2025-11-10;50402;39399;82800;795255;2460000;3;154
29;2025-11-10;50403;46626;82800;916117;2460000;0;181
29;2025-11-10;50404;41539;82800;875248;2460000;2;171
29;2025-11-10;50405;22124;82800;350022;2460000;0;72
29;2025-11-10;50406;36609;82800;713736;2460000;0;106
29;2025-11-10;50408;25020;82800;578025;1230000;0;10
29;2025-11-10;50409;20880;82800;417458;1230000;0;8
29;2025-11-11;50401;39713;82800;691933;2460000;0;123
29;2025-11-11;504010;7200;82800;172708;1230000;0;3
29;2025-11-11;50402;27494;82800;508018;2460000;0;95
29;2025-11-11;50403;38443;82800;690737;2460000;0;121
29;2025-11-11;50404;22392;82800;434027;2460000;0;79
29;2025-11-11;50405;20756;82800;349714;2460000;0;46
29;2025-11-11;50406;28909;82800;476436;2460000;2;88
29;2025-11-11;50408;15660;82800;367295;1230000;0;6
29;2025-11-11;50409;16200;82800;367890;1230000;0;6
29;2025-11-12;50401;39075;82800;699291;2460000;4;139
29;2025-11-12;504010;11640;82800;245378;1230000;2;4
29;2025-11-12;504011;2460;82800;58155;1230000;0;1
29;2025-11-12;50402;29851;82800;580325;2460000;0;110
29;2025-11-12;50403;36685;82800;689518;2460000;0;114
29;2025-11-12;50404;16327;82800;262012;2460000;0;52
29;2025-11-12;50405;12233;82800;184709;2460000;0;34
29;2025-11-12;50406;26415;82800;461167;2460000;3;91
29;2025-11-12;50408;18540;82800;407544;1230000;1;7
29;2025-11-12;50409;16620;82800;351321;1230000;0;6
29;2025-11-13;50401;41184;82800;771431;2460000;0;150
29;2025-11-13;504010;15540;82800;362540;1230000;2;6
29;2025-11-13;50402;18675;82800;335013;2460000;0;65
29;2025-11-13;50403;36413;82800;685015;2460000;0;129
29;2025-11-13;50404;24821;82800;493039;2460000;0;91
29;2025-11-13;50405;22200;82800;380712;2460000;0;62
29;2025-11-13;50406;29573;82800;561029;2460000;0;96
29;2025-11-13;50408;13140;82800;285200;1230000;0;5
29;2025-11-13;50409;13860;82800;308472;1230000;0;5
29;2025-11-14;50401;40061;82800;717051;2460000;0;136
29;2025-11-14;504010;7740;82800;179631;1230000;2;3
29;2025-11-14;50402;39007;82800;749921;2460000;0;141
29;2025-11-14;50403;45575;82800;914038;2460000;0;166
29;2025-11-14;50404;46530;82800;900044;2460000;0;166
29;2025-11-14;50405;33892;82800;571017;2460000;0;69
29;2025-11-14;50406;39522;82800;716053;2460000;0;130
29;2025-11-14;50408;14700;82800;306034;1230000;0;5
29;2025-11-14;50409;19920;82800;434616;1230000;0;7
29;2025-11-15;50401;28615;82800;522578;2460000;0;88
29;2025-11-15;504010;8220;82800;186033;1230000;2;3
29;2025-11-15;50402;17059;82800;312008;2460000;0;61
29;2025-11-15;50403;28861;82800;528703;2460000;0;80
29;2025-11-15;50404;24201;82800;432022;2460000;0;89
29;2025-11-15;50405;9865;82800;173005;2460000;0;21
29;2025-11-15;50406;24232;82800;432027;2460000;0;66
29;2025-11-15;50408;12720;82800;273855;1230000;1;4
29;2025-11-15;50409;17220;82800;357018;1230000;0;6
29;2025-11-17;50401;41668;82800;823061;2460000;0;160
29;2025-11-17;504010;22200;82800;506580;1230000;1;8
29;2025-11-17;50402;38358;82800;739016;2460000;0;135
29;2025-11-17;50403;38135;82800;740562;2460000;2;141
29;2025-11-17;50404;44432;82800;881026;2460000;1;165
29;2025-11-17;50405;29385;82800;494512;2460000;0;70
29;2025-11-17;50406;41208;82800;839035;2460000;0;132
29;2025-11-17;50408;21120;82800;378958;1230000;0;7
29;2025-11-17;50409;14280;82800;273317;1230000;0;5
29;2025-11-18;50401;43432;82800;852922;2460000;0;149
29;2025-11-18;504010;10620;82800;228843;1230000;0;4
29;2025-11-18;50402;29425;82800;579023;2460000;0;115
29;2025-11-18;50403;35813;82800;708518;2460000;0;132
29;2025-11-18;50404;37124;82800;704042;2460000;0;140
29;2025-11-18;50405;18834;82800;303014;2460000;0;54
29;2025-11-18;50406;36816;82800;662528;2460000;0;99
29;2025-11-18;50408;23460;82800;523678;1230000;1;9
29;2025-11-18;50409;24300;82800;492278;1230000;0;8
29;2025-11-19;50401;61171;82800;1201213;2460000;4;208
29;2025-11-19;504010;14820;82800;298456;1230000;1;5
29;2025-11-19;50402;45492;82800;903220;2460000;3;161
29;2025-11-19;50403;40411;82800;751930;2460000;0;148
29;2025-11-19;50404;48386;82800;944039;2460000;0;163
29;2025-11-19;50405;31293;82800;500523;2460000;0;68
29;2025-11-19;50406;51795;82800;985394;2460000;1;157
29;2025-11-19;50408;19020;82800;402450;1230000;0;7
29;2025-11-19;50409;20160;82800;394797;1230000;0;7
29;2025-11-21;50401;52108;82800;1002390;2460000;0;173
29;2025-11-21;504010;31620;82800;723379;1230000;5;11
29;2025-11-21;504011;2340;82800;58269;1230000;0;1
29;2025-11-21;50402;40683;82800;818020;2460000;0;154
29;2025-11-21;50403;48053;82800;901823;2460000;0;139
29;2025-11-21;50404;42920;82800;844315;2460000;2;159
29;2025-11-21;50405;31190;82800;514518;2460000;0;69
29;2025-11-21;50406;42402;82800;819242;2460000;2;151
29;2025-11-21;50408;25860;82800;568623;1230000;0;10
29;2025-11-21;50409;26880;82800;604988;1230000;1;9
29;2025-11-22;50401;33222;82800;547409;2460000;0;93
29;2025-11-22;504010;7740;82800;180172;1230000;0;3
29;2025-11-22;50402;20682;82800;391013;2460000;0;76
29;2025-11-22;50403;26530;82800;500004;2460000;0;95
29;2025-11-22;50404;23828;82800;456020;2460000;0;89
29;2025-11-22;50405;12771;82800;206002;2460000;0;32
29;2025-11-22;50406;18859;82800;360723;2460000;0;62
29;2025-11-22;50408;14580;82800;284531;1230000;0;6
29;2025-11-22;50409;10860;82800;210945;1230000;0;4
29;2025-11-23;50402;34951;82800;74999;2460000;16;0
29;2025-11-23;50403;11328;82800;74993;2460000;15;0
29;2025-11-23;50404;15246;82800;65006;2460000;13;0
29;2025-11-23;50406;13480;82800;65004;2460000;13;0
29;2025-11-23;50408;15000;82800;144832;1230000;19;0
29;2025-11-23;50409;14340;82800;134824;1230000;18;0
29;2025-11-24;50401;48304;82800;893917;2460000;1;163
29;2025-11-24;504010;35700;82800;761846;1230000;3;13
29;2025-11-24;504011;2520;82800;57893;1230000;0;1
29;2025-11-24;50402;42137;82800;832327;2460000;0;147
29;2025-11-24;50403;41227;82800;833519;2460000;0;157
29;2025-11-24;50404;43850;82800;922047;2460000;0;176
29;2025-11-24;50405;40926;82800;769016;2460000;0;70
29;2025-11-24;50406;44686;82800;852442;2460000;0;130
29;2025-11-24;50408;20760;82800;403581;1230000;0;8
29;2025-11-24;50409;22080;82800;459046;1230000;0;8
29;2025-11-25;50401;40275;82800;629900;2460000;4;123
29;2025-11-25;504010;7680;82800;176670;1230000;1;3
29;2025-11-25;50402;32248;82800;553870;2460000;6;108
29;2025-11-25;50403;39927;82800;587339;2460000;3;113
29;2025-11-25;50404;27484;82800;523022;2460000;0;105
29;2025-11-25;50405;27629;82800;430012;2460000;0;66
29;2025-11-25;50406;36977;82800;630529;2460000;0;118
29;2025-11-25;50408;13860;82800;285625;1230000;0;5
29;2025-11-25;50409;17160;82800;334285;1230000;0;6
29;2025-11-26;50401;40118;82800;702921;2460000;0;137
29;2025-11-26;504010;7320;82800;164311;1230000;2;3
29;2025-11-26;50402;19587;82800;366013;2460000;0;69
29;2025-11-26;50403;27890;82800;471013;2460000;0;97
29;2025-11-26;50404;33322;82800;653431;2460000;4;128
29;2025-11-26;50405;18692;82800;299012;2460000;0;53
29;2025-11-26;50406;26465;82800;483222;2460000;0;72
29;2025-11-26;50408;9900;82800;246397;1230000;0;4
29;2025-11-26;50409;15540;82800;307560;1230000;0;5
29;2025-11-27;50401;34537;82800;633918;2460000;0;122
29;2025-11-27;504010;25320;82800;534237;1230000;5;9
29;2025-11-27;50402;22623;82800;444015;2460000;0;83
29;2025-11-27;50403;34492;82800;623012;2460000;0;115
29;2025-11-27;50404;36981;82800;735568;2460000;1;136
29;2025-11-27;50405;22686;82800;383008;2460000;0;45
29;2025-11-27;50406;30964;82800;539022;2460000;0;107
29;2025-11-27;50408;22080;82800;450818;1230000;1;7
29;2025-11-27;50409;23940;82800;540566;1230000;1;8
29;2025-11-28;50401;48858;82800;974942;2460000;1;174
29;2025-11-28;504010;18480;82800;407536;1230000;2;6
29;2025-11-28;504011;3060;82800;58271;1230000;0;1
29;2025-11-28;50402;31701;82800;624326;2460000;0;118
29;2025-11-28;50403;39459;82800;722157;2460000;1;138
29;2025-11-28;50404;37419;82800;717753;2460000;1;139
29;2025-11-28;50405;23435;82800;417013;2460000;4;44
29;2025-11-28;50406;43723;82800;820736;2460000;0;116
29;2025-11-28;50408;30900;82800;676400;1230000;0;12
29;2025-11-28;50409;40500;82800;834355;1230000;2;13
29;2025-11-29;50401;26241;82800;459990;2460000;0;86
29;2025-11-29;504010;21180;82800;471218;1230000;1;8
29;2025-11-29;50402;16820;82800;323027;2460000;0;64
29;2025-11-29;50403;29509;82800;589963;2460000;2;98
29;2025-11-29;50404;20730;82800;394021;2460000;0;79
29;2025-11-29;50405;10866;82800;185502;2460000;0;20
29;2025-11-29;50406;22869;82800;393805;2460000;0;76
29;2025-11-29;50408;22860;82800;495275;1230000;0;8
29;2025-11-29;50409;23100;82800;515999;1230000;0;9
29;2025-11-30;50401;7769;82800;45000;2460000;9;0
29;2025-11-30;504010;2880;82800;39842;1230000;5;0
29;2025-11-30;50402;14453;82800;90004;2460000;18;0
29;2025-11-30;50404;3640;82800;30003;2460000;6;0
29;2025-11-30;50408;2160;82800;30093;1230000;4;0
29;2025-11-30;50409;6060;82800;90108;1230000;11;0
48;2025-11-01;505910;27784;86400;464607;3060000;0;88
48;2025-11-01;505915;18540;86400;299596;1290000;0;5
48;2025-11-01;505916;18780;86400;392162;1290000;0;7
48;2025-11-01;505917;11940;86400;274709;2580000;0;5
48;2025-11-01;50593;4226;86400;45750;1290000;9;1
48;2025-11-01;50594;29072;86400;377981;2580000;0;33
48;2025-11-01;50595;30768;86400;601104;2580000;20;85
48;2025-11-01;50596;4067;86400;71004;2580000;0;15
48;2025-11-01;50597;20069;86400;423354;2580000;5;78
48;2025-11-01;50598;47687;86400;1239042;3870000;0;227
48;2025-11-01;50599;34385;86400;821071;4590000;0;158
48;2025-11-03;505910;45195;86400;711223;3060000;4;141
48;2025-11-03;505913;594;86400;15000;4590000;0;1
48;2025-11-03;505915;14760;86400;224737;1290000;0;4
48;2025-11-03;505916;23940;86400;432864;1290000;0;8
48;2025-11-03;505917;17820;86400;337626;2580000;0;6
48;2025-11-03;50593;4587;86400;1452;1290000;22;0
48;2025-11-03;50594;19179;86400;215988;2580000;0;23
48;2025-11-03;50595;40873;86400;768492;2580000;4;145
48;2025-11-03;50596;17480;86400;340269;2580000;2;44
48;2025-11-03;50597;30970;86400;641558;2580000;0;121
48;2025-11-03;50598;71412;86400;1771634;3870000;0;310
48;2025-11-03;50599;50064;86400;1178135;4590000;0;229
48;2025-11-04;505910;27551;86400;459548;3060000;0;87
48;2025-11-04;505912;4374;86400;105000;6120000;0;4
48;2025-11-04;505913;2980;86400;75001;4590000;0;4
48;2025-11-04;505915;10320;86400;239905;1290000;0;4
48;2025-11-04;505916;22920;86400;473689;1290000;0;8
48;2025-11-04;505917;7560;86400;164882;2580000;0;3
48;2025-11-04;50593;3385;86400;650;1290000;8;0
48;2025-11-04;50594;33519;86400;431964;2580000;0;47
48;2025-11-04;50595;33503;86400;647639;2580000;2;98
48;2025-11-04;50596;16273;86400;378112;2580000;1;35
48;2025-11-04;50597;14422;86400;284016;2580000;0;59
48;2025-11-04;50598;52279;86400;1360104;3870000;6;246
48;2025-11-04;50599;36106;86400;809095;4590000;0;144
48;2025-11-05;505910;30918;86400;541169;3060000;0;109
48;2025-11-05;505912;4805;86400;116000;6120000;0;5
48;2025-11-05;505913;2929;86400;75000;4590000;0;3
48;2025-11-05;505914;1195;86400;30000;6120000;0;1
48;2025-11-05;505915;21120;86400;422475;1290000;0;7
48;2025-11-05;505916;31020;86400;593718;1290000;0;10
48;2025-11-05;505917;10620;86400;237203;2580000;0;4
48;2025-11-05;50593;3296;86400;4200;1290000;25;0
48;2025-11-05;50594;34903;86400;433481;2580000;0;39
48;2025-11-05;50595;35741;86400;703529;2580000;2;88
48;2025-11-05;50596;28048;86400;668663;2580000;2;61
48;2025-11-05;50597;13105;86400;258018;2580000;0;53
48;2025-11-05;50598;58030;86400;1536565;3870000;0;268
48;2025-11-05;50599;36386;86400;873090;4590000;0;166
48;2025-11-06;505910;25649;86400;486129;3060000;0;98
48;2025-11-06;505912;2533;86400;60001;6120000;0;2
48;2025-11-06;505913;2599;86400;65001;4590000;0;2
48;2025-11-06;505914;633;86400;15000;6120000;0;1
48;2025-11-06;505915;41640;86400;670225;1290000;0;12
48;2025-11-06;505916;34560;86400;618393;1290000;0;11
48;2025-11-06;505917;2460;86400;61876;2580000;0;1
48;2025-11-06;50593;1516;86400;201;1290000;4;0
48;2025-11-06;50594;40432;86400;498468;2580000;0;43
48;2025-11-06;50595;38949;86400;772561;2580000;0;129
48;2025-11-06;50596;25481;86400;561712;2580000;3;54
48;2025-11-06;50597;23197;86400;506534;2580000;0;89
48;2025-11-06;50598;62147;86400;1587074;3870000;0;285
48;2025-11-06;50599;39371;86400;911100;4590000;0;175
48;2025-11-07;505910;40205;86400;712228;3060000;0;134
48;2025-11-07;505912;5511;86400;110001;6120000;0;5
48;2025-11-07;505913;1557;86400;30600;4590000;0;6
48;2025-11-07;505914;525;86400;10000;6120000;0;2
48;2025-11-07;505915;18480;86400;287913;1290000;0;5
48;2025-11-07;505916;20160;86400;415741;1290000;0;7
48;2025-11-07;505917;15240;86400;330760;2580000;0;6
48;2025-11-07;50593;4804;86400;1968;1290000;29;0
48;2025-11-07;50594;42752;86400;532974;2580000;0;47
48;2025-11-07;50595;44994;86400;939567;2580000;0;145
48;2025-11-07;50596;18455;86400;362778;2580000;7;35
48;2025-11-07;50597;24146;86400;474547;2580000;0;89
48;2025-11-07;50598;69646;86400;1779091;3870000;0;328
48;2025-11-07;50599;46358;86400;1034085;4590000;0;199
48;2025-11-08;505910;24388;86400;394127;3060000;0;80
48;2025-11-08;505912;3850;86400;95001;6120000;0;3
48;2025-11-08;505915;3780;86400;60181;1290000;0;1
48;2025-11-08;505916;13260;86400;297620;1290000;0;5
48;2025-11-08;50594;9201;86400;155994;2580000;0;13
48;2025-11-08;50595;31978;86400;669293;2580000;3;107
48;2025-11-08;50596;11526;86400;201828;2580000;2;31
48;2025-11-08;50597;21516;86400;434085;2580000;1;85
48;2025-11-08;50598;42726;86400;1152008;3870000;0;203
48;2025-11-08;50599;29801;86400;739079;4590000;0;133
48;2025-11-10;505910;33979;86400;618316;3060000;0;119
48;2025-11-10;505911;1418;86400;30001;4590000;1;0
48;2025-11-10;505912;3531;86400;80000;6120000;0;5
48;2025-11-10;505914;1189;86400;25000;6120000;0;5
48;2025-11-10;505915;9660;86400;164211;1290000;0;3
48;2025-11-10;505916;12060;86400;223505;1290000;0;4
48;2025-11-10;505917;11100;86400;236989;2580000;0;4
48;2025-11-10;50593;2993;86400;1262;1290000;17;0
48;2025-11-10;50594;23983;86400;305990;2580000;1;29
48;2025-11-10;50595;41270;86400;797030;2580000;4;146
48;2025-11-10;50596;14700;86400;276662;2580000;3;42
48;2025-11-10;50597;29989;86400;594383;2580000;11;104
48;2025-11-10;50598;69370;86400;1794094;3870000;0;338
48;2025-11-10;50599;49502;86400;1162089;4590000;2;219
48;2025-11-11;505910;28499;86400;472112;3060000;0;91
48;2025-11-11;505912;1458;86400;35000;6120000;0;1
48;2025-11-11;505913;2638;86400;60000;4590000;0;5
48;2025-11-11;505915;17820;86400;308010;1290000;0;5
48;2025-11-11;505916;19200;86400;384939;1290000;0;7
48;2025-11-11;50593;19141;86400;316693;1290000;0;11
48;2025-11-11;50594;35722;86400;283985;2580000;0;29
48;2025-11-11;50595;37052;86400;649558;2580000;5;95
48;2025-11-11;50596;35954;86400;675596;2580000;10;57
48;2025-11-11;50597;21063;86400;391448;2580000;5;75
48;2025-11-11;50598;57718;86400;1476073;3870000;0;257
48;2025-11-11;50599;33068;86400;637868;4590000;0;123
48;2025-11-12;505910;25931;86400;479138;3060000;1;96
48;2025-11-12;505912;3853;86400;90000;6120000;0;5
48;2025-11-12;505913;4588;86400;83701;4590000;0;5
48;2025-11-12;505914;777;86400;15601;6120000;0;3
48;2025-11-12;505915;13320;86400;280305;1290000;0;5
48;2025-11-12;505916;9360;86400;223419;1290000;1;3
48;2025-11-12;505917;3180;86400;57943;2580000;0;1
48;2025-11-12;50593;22869;86400;348798;1290000;8;11
48;2025-11-12;50594;28598;86400;338489;2580000;0;31
48;2025-11-12;50595;31574;86400;636042;2580000;0;83
48;2025-11-12;50596;15332;86400;292318;2580000;7;25
48;2025-11-12;50597;19247;86400;369044;2580000;0;75
48;2025-11-12;50598;55092;86400;1447068;3870000;0;266
48;2025-11-12;50599;35697;86400;900076;4590000;0;173
48;2025-11-13;505910;25424;86400;479142;3060000;0;97
48;2025-11-13;505913;2210;86400;36901;4590000;1;2
48;2025-11-13;505915;19140;86400;328805;1290000;0;6
48;2025-11-13;505916;16440;86400;415860;1290000;0;7
48;2025-11-13;505917;3960;86400;117826;2580000;0;2
48;2025-11-13;50593;14425;86400;235290;1290000;4;8
48;2025-11-13;50594;35983;86400;393978;2580000;0;38
48;2025-11-13;50595;41048;86400;801155;2580000;1;133
48;2025-11-13;50596;25625;86400;514006;2580000;4;50
48;2025-11-13;50597;26800;86400;500052;2580000;0;94
48;2025-11-13;50598;64377;86400;1771951;3870000;0;317
48;2025-11-13;50599;46604;86400;1054106;4590000;0;206
48;2025-11-14;505910;42226;86400;707215;3060000;0;137
48;2025-11-14;505911;2309;86400;45000;4590000;0;1
48;2025-11-14;505912;1011;86400;20000;6120000;0;2
48;2025-11-14;505913;671;86400;15000;4590000;0;1
48;2025-11-14;505914;4655;86400;69578;6120000;0;10
48;2025-11-14;505915;32820;86400;568785;1290000;0;10
48;2025-11-14;505916;19560;86400;401617;1290000;0;7
48;2025-11-14;505917;11100;86400;242039;2580000;0;4
48;2025-11-14;50593;1577;86400;533;1290000;8;0
48;2025-11-14;50594;44254;86400;404482;2580000;0;38
48;2025-11-14;50595;44011;86400;844576;2580000;0;145
48;2025-11-14;50596;39636;86400;773594;2580000;2;56
48;2025-11-14;50597;28297;86400;551029;2580000;0;105
48;2025-11-14;50598;69790;86400;1733092;3870000;0;319
48;2025-11-14;50599;51254;86400;1173113;4590000;0;221
48;2025-11-15;505910;23412;86400;398103;3060000;0;80
48;2025-11-15;505912;1832;86400;39927;6120000;6;1
48;2025-11-15;505913;1119;86400;30000;4590000;0;1
48;2025-11-15;505915;16680;86400;277384;1290000;0;5
48;2025-11-15;505916;20100;86400;414175;1290000;0;8
48;2025-11-15;505917;7260;86400;176395;2580000;0;3
48;2025-11-15;50593;1745;86400;536;1290000;9;0
48;2025-11-15;50594;17593;86400;183983;2580000;0;20
48;2025-11-15;50595;21556;86400;407031;2580000;0;77
48;2025-11-15;50596;17093;86400;332259;2580000;1;39
48;2025-11-15;50597;15738;86400;301019;2580000;0;56
48;2025-11-15;50598;49484;86400;1182077;3870000;0;228
48;2025-11-15;50599;34018;86400;761087;4590000;0;149
48;2025-11-17;505910;45805;86400;728328;3060000;0;140
48;2025-11-17;505912;5502;86400;60000;6120000;1;2
48;2025-11-17;505913;2108;86400;45001;4590000;0;5
48;2025-11-17;505915;15840;86400;228910;1290000;0;4
48;2025-11-17;505916;17940;86400;236388;1290000;0;4
48;2025-11-17;505917;21480;86400;506738;2580000;1;8
48;2025-11-17;50593;2932;86400;530;1290000;9;0
48;2025-11-17;50594;31215;86400;355461;2580000;0;58
48;2025-11-17;50595;45518;86400;860847;2580000;11;161
48;2025-11-17;50596;18785;86400;365666;2580000;2;47
48;2025-11-17;50597;32700;86400;634071;2580000;0;128
48;2025-11-17;50598;64081;86400;1562108;3870000;0;290
48;2025-11-17;50599;52990;86400;1119223;4590000;0;211
48;2025-11-18;505910;25236;86400;436142;3060000;0;87
48;2025-11-18;505912;3111;86400;75500;6120000;0;2
48;2025-11-18;505913;1288;86400;30001;4590000;0;4
48;2025-11-18;505915;14280;86400;239552;1290000;0;4
48;2025-11-18;505916;28440;86400;655461;1290000;0;11
48;2025-11-18;505917;8580;86400;174812;2580000;0;3
48;2025-11-18;50593;965;86400;550;1290000;4;0
48;2025-11-18;50594;17770;86400;126996;2580000;1;14
48;2025-11-18;50595;27188;86400;475043;2580000;0;97
48;2025-11-18;50596;15521;86400;281591;2580000;0;46
48;2025-11-18;50597;16194;86400;308033;2580000;0;64
48;2025-11-18;50598;56595;86400;1462076;3870000;0;273
48;2025-11-18;50599;43402;86400;960087;4590000;0;191
48;2025-11-19;505910;31642;86400;595677;3060000;0;114
48;2025-11-19;505911;5600;86400;92816;4590000;3;0
48;2025-11-19;505912;1254;86400;30000;6120000;0;1
48;2025-11-19;505913;2265;86400;60001;4590000;0;2
48;2025-11-19;505914;1180;86400;15000;6120000;0;1
48;2025-11-19;505915;23100;86400;413243;1290000;0;7
48;2025-11-19;505916;19800;86400;416507;1290000;0;7
48;2025-11-19;505917;6120;86400;117287;2580000;0;2
48;2025-11-19;50593;606;86400;379;1290000;6;0
48;2025-11-19;50594;37003;86400;420970;2580000;0;43
48;2025-11-19;50595;42942;86400;902061;2580000;0;123
48;2025-11-19;50596;25963;86400;563168;2580000;0;49
48;2025-11-19;50597;25874;86400;496557;2580000;2;99
48;2025-11-19;50598;69246;86400;1822596;3870000;0;314
48;2025-11-19;50599;44510;86400;1038082;4590000;0;200
48;2025-11-20;505910;22846;86400;373133;3060000;0;71
48;2025-11-20;505912;3860;86400;75065;6120000;4;1
48;2025-11-20;505913;1882;86400;45000;4590000;0;3
48;2025-11-20;505915;20340;86400;420268;1290000;0;7
48;2025-11-20;505916;14640;86400;305865;1290000;0;5
48;2025-11-20;505917;4620;86400;114610;2580000;0;2
48;2025-11-20;50593;1609;86400;470;1290000;5;0
48;2025-11-20;50594;23143;86400;259986;2580000;0;23
48;2025-11-20;50595;22720;86400;435033;2580000;0;66
48;2025-11-20;50596;30850;86400;614959;2580000;0;53
48;2025-11-20;50597;15462;86400;296032;2580000;0;57
48;2025-11-20;50598;38093;86400;1042051;3870000;0;189
48;2025-11-20;50599;25838;86400;613046;4590000;0;117
48;2025-11-21;505910;34247;86400;631207;3060000;1;123
48;2025-11-21;505912;2457;86400;60000;6120000;0;2
48;2025-11-21;505913;3635;86400;90000;4590000;0;6
48;2025-11-21;505914;1359;86400;29900;6120000;0;4
48;2025-11-21;505915;12900;86400;301079;1290000;0;5
48;2025-11-21;505916;10800;86400;296071;1290000;0;5
48;2025-11-21;505917;3240;86400;58380;2580000;0;1
48;2025-11-21;50593;1434;86400;670;1290000;5;0
48;2025-11-21;50594;34309;86400;505472;2580000;1;46
48;2025-11-21;50595;38338;86400;773557;2580000;0;147
48;2025-11-21;50596;19591;86400;386911;2580000;3;34
48;2025-11-21;50597;24147;86400;471530;2580000;0;85
48;2025-11-21;50598;54930;86400;1491074;3870000;0;282
48;2025-11-21;50599;44088;86400;1034096;4590000;0;193
48;2025-11-22;505910;25227;86400;428127;3060000;0;83
48;2025-11-22;505914;1317;86400;35000;6120000;0;1
48;2025-11-22;505915;24900;86400;513508;1290000;0;9
48;2025-11-22;505916;9180;86400;218051;1290000;0;4
48;2025-11-22;50594;25759;86400;703977;2580000;0;24
48;2025-11-22;50595;20971;86400;406045;2580000;0;70
48;2025-11-22;50596;15140;86400;312098;2580000;0;42
48;2025-11-22;50597;15434;86400;314030;2580000;0;62
48;2025-11-22;50598;41338;86400;1132567;3870000;0;206
48;2025-11-22;50599;35664;86400;876084;4590000;0;171
48;2025-11-24;505910;40029;86400;703223;3060000;0;138
48;2025-11-24;505912;527;86400;10000;6120000;0;2
48;2025-11-24;505913;3617;86400;90000;4590000;0;4
48;2025-11-24;505914;269;86400;5000;6120000;0;1
48;2025-11-24;505915;18180;86400;339794;1290000;0;6
48;2025-11-24;505916;21900;86400;395862;1290000;0;7
48;2025-11-24;505917;23280;86400;465838;2580000;0;8
48;2025-11-24;50593;9397;86400;4749;1290000;50;0
48;2025-11-24;50594;30963;86400;868518;2580000;1;41
48;2025-11-24;50595;50565;86400;1085070;2580000;2;178
48;2025-11-24;50596;22555;86400;491523;2580000;0;43
48;2025-11-24;50597;36571;86400;854617;2580000;1;142
48;2025-11-24;50598;67144;86400;1830084;3870000;0;337
48;2025-11-24;50599;40942;86400;820087;4590000;2;153
48;2025-11-25;505910;26449;86400;410143;3060000;0;79
48;2025-11-25;505912;5396;86400;45001;6120000;1;2
48;2025-11-25;505913;4369;86400;110500;4590000;0;7
48;2025-11-25;505914;489;86400;10000;6120000;0;2
48;2025-11-25;505915;18120;86400;361297;1290000;0;6
48;2025-11-25;505916;21000;86400;456530;1290000;0;8
48;2025-11-25;505917;10920;86400;292965;2580000;0;5
48;2025-11-25;50593;3742;86400;2132;1290000;19;0
48;2025-11-25;50594;41474;86400;1243429;2580000;0;60
48;2025-11-25;50595;31652;86400;622024;2580000;1;89
48;2025-11-25;50596;29914;86400;671043;2580000;6;55
48;2025-11-25;50597;18772;86400;370980;2580000;7;62
48;2025-11-25;50598;52781;86400;1341069;3870000;0;246
48;2025-11-25;50599;40387;86400;863039;4590000;0;145
48;2025-11-26;505910;18382;86400;326086;3060000;0;65
48;2025-11-26;505912;5816;86400;139900;6120000;1;10
48;2025-11-26;505913;751;86400;15000;4590000;0;3
48;2025-11-26;505914;1309;86400;25000;6120000;0;4
48;2025-11-26;505915;34500;86400;474746;1290000;2;7
48;2025-11-26;505916;16980;86400;341567;1290000;0;6
48;2025-11-26;505917;11280;86400;186405;2580000;1;3
48;2025-11-26;50593;2501;86400;1172;1290000;15;0
48;2025-11-26;50594;37731;86400;1024463;2580000;0;33
48;2025-11-26;50595;34101;86400;634537;2580000;3;105
48;2025-11-26;50596;27391;86400;573095;2580000;4;44
48;2025-11-26;50597;17329;86400;339022;2580000;0;56
48;2025-11-26;50598;47205;86400;1228078;3870000;0;226
48;2025-11-26;50599;31234;86400;803060;4590000;0;156
48;2025-11-27;505910;21173;86400;365977;3060000;1;75
48;2025-11-27;505912;1277;86400;25000;6120000;0;3
48;2025-11-27;505913;1597;86400;35000;4590000;0;1
48;2025-11-27;505914;1975;86400;50001;6120000;0;3
48;2025-11-27;505915;19080;86400;330853;1290000;0;6
48;2025-11-27;505916;13140;86400;292940;1290000;0;5
48;2025-11-27;505917;20820;86400;533869;2580000;0;10
48;2025-11-27;50593;3879;86400;1489;1290000;18;0
48;2025-11-27;50594;22693;86400;563970;2580000;0;22
48;2025-11-27;50595;34499;86400;676071;2580000;0;129
48;2025-11-27;50596;14492;86400;281590;2580000;0;48
48;2025-11-27;50597;19127;86400;390188;2580000;2;69
48;2025-11-27;50598;50595;86400;1362973;3870000;0;254
48;2025-11-27;50599;40636;86400;917100;4590000;0;179
48;2025-11-28;505910;34118;86400;563166;3060000;0;112
48;2025-11-28;505911;2273;86400;45000;4590000;0;1
48;2025-11-28;505912;8251;86400;150001;6120000;0;10
48;2025-11-28;505913;5896;86400;135001;4590000;0;6
48;2025-11-28;505914;7775;86400;184453;6120000;0;16
48;2025-11-28;505915;19320;86400;324822;1290000;0;6
48;2025-11-28;505916;24480;86400;473023;1290000;0;8
48;2025-11-28;505917;10080;86400;238321;2580000;0;4
48;2025-11-28;50593;1663;86400;810;1290000;10;0
48;2025-11-28;50594;30976;86400;905963;2580000;0;33
48;2025-11-28;50595;38175;86400;802075;2580000;0;138
48;2025-11-28;50596;24100;86400;480146;2580000;3;59
48;2025-11-28;50597;26772;86400;551539;2580000;0;88
48;2025-11-28;50598;67995;86400;1689101;3870000;0;317
48;2025-11-28;50599;40842;86400;1016116;4590000;0;199
48;2025-11-29;505910;26675;86400;444526;3060000;0;88
48;2025-11-29;505911;2267;86400;45000;4590000;0;1
48;2025-11-29;505912;1657;86400;30000;6120000;0;1
48;2025-11-29;505914;1045;86400;14875;6120000;3;0
48;2025-11-29;505915;10260;86400;179769;1290000;0;3
48;2025-11-29;505916;19680;86400;416233;1290000;0;7
48;2025-11-29;505917;10200;86400;260744;2580000;0;5
48;2025-11-29;50593;404;86400;298;1290000;6;0
48;2025-11-29;50594;32477;86400;959467;2580000;0;32
48;2025-11-29;50595;35942;86400;680058;2580000;0;112
48;2025-11-29;50596;22020;86400;508017;2580000;0;35
48;2025-11-29;50597;21516;86400;443040;2580000;0;84
48;2025-11-29;50598;44423;86400;1116078;3870000;0;211
48;2025-11-29;50599;31915;86400;742099;4590000;0;143
53;2025-11-01;50641;16127;86400;347209;1290000;0;20
53;2025-11-01;506410;27916;86400;597058;2580000;0;78
53;2025-11-01;506411;35759;86400;1070128;4590000;0;184
53;2025-11-01;506412;27466;86400;649030;1530000;0;66
53;2025-11-01;506418;13096;86400;196305;2580000;0;4
53;2025-11-01;50642;25875;86400;663004;2580000;0;30
53;2025-11-01;50643;14760;86400;340000;2580000;0;12
53;2025-11-01;50644;28828;86400;625067;2580000;0;89
53;2025-11-01;50645;1400;86400;9998;1530000;2;0
53;2025-11-01;50646;16444;86400;240020;2580000;0;48
53;2025-11-01;50647;26844;86400;801108;4590000;0;147
53;2025-11-01;50649;16925;86400;308507;1290000;0;14
53;2025-11-02;506410;623;86400;10000;2580000;0;2
53;2025-11-02;506411;1472;86400;50003;4590000;0;10
53;2025-11-02;50644;585;86400;5001;2580000;0;1
53;2025-11-02;50645;-10621162;86400;49994;1530000;10;0
53;2025-11-02;50647;-171632;86400;30008;4590000;0;6
53;2025-11-03;50641;9724;86400;183016;1290000;0;28
53;2025-11-03;506410;28336;86400;560049;2580000;0;98
53;2025-11-03;506411;47830;86400;1480206;4590000;0;281
53;2025-11-03;506412;35907;86400;836536;1530000;0;118
53;2025-11-03;506418;34166;86400;674285;2580000;3;12
53;2025-11-03;50642;36890;86400;880009;2580000;0;64
53;2025-11-03;50643;15084;86400;356002;2580000;0;19
53;2025-11-03;50644;32436;86400;722070;2580000;0;117
53;2025-11-03;50645;3889;86400;35041;1530000;7;0
53;2025-11-03;50646;23005;86400;385039;2580000;0;59
53;2025-11-03;50647;-309806;86400;910093;4590000;7;143
53;2025-11-03;50649;17138;86400;312005;1290000;0;28
53;2025-11-04;50641;17166;86400;325028;1290000;0;36
53;2025-11-04;506410;24348;86400;491055;2580000;0;82
53;2025-11-04;506411;45912;86400;1347184;4590000;7;247
53;2025-11-04;506412;35259;86400;742021;1530000;0;123
53;2025-11-04;506418;19182;86400;309193;2580000;0;6
53;2025-11-04;50642;27179;86400;704496;2580000;0;38
53;2025-11-04;50643;25383;86400;622002;2580000;0;24
53;2025-11-04;50644;29705;86400;637555;2580000;0;104
53;2025-11-04;50645;-7766736;86400;78004;1530000;16;0
53;2025-11-04;50646;15621;86400;248519;2580000;0;41
53;2025-11-04;50647;-142247;86400;808073;4590000;0;142
53;2025-11-04;50648;1867;86400;44000;1290000;0;3
53;2025-11-04;50649;22517;86400;364035;1290000;0;36
53;2025-11-05;50641;9953;86400;162515;1290000;0;20
53;2025-11-05;506410;25318;86400;546047;2580000;0;90
53;2025-11-05;506411;40729;86400;1212121;4590000;0;225
53;2025-11-05;506412;39258;86400;914026;1530000;0;108
53;2025-11-05;506418;19671;86400;403104;2580000;0;7
53;2025-11-05;50642;28903;86400;653995;2580000;0;50
53;2025-11-05;50643;14843;86400;356600;2580000;0;23
53;2025-11-05;50644;25782;86400;502041;2580000;0;76
53;2025-11-05;50646;19654;86400;357022;2580000;0;43
53;2025-11-05;50647;29466;86400;858071;4590000;0;151
53;2025-11-05;50648;10581;86400;200058;1290000;1;19
53;2025-11-05;50649;9362;86400;142607;1290000;0;8
53;2025-11-06;50641;19231;86400;337055;1290000;1;42
53;2025-11-06;506410;30807;86400;699545;2580000;0;61
53;2025-11-06;506411;39482;86400;1138119;4590000;0;201
53;2025-11-06;506412;35573;86400;835028;1530000;0;87
53;2025-11-06;506418;26112;86400;444081;2580000;2;7
53;2025-11-06;50642;29692;86400;657493;2580000;0;44
53;2025-11-06;50643;15362;86400;376000;2580000;0;24
53;2025-11-06;50644;31370;86400;685053;2580000;0;97
53;2025-11-06;50645;-6732943;86400;53041;1530000;12;0
53;2025-11-06;50646;10217;86400;151015;2580000;0;32
53;2025-11-06;50647;-837336;86400;571060;4590000;0;103
53;2025-11-06;50649;25169;86400;408014;1290000;0;54
53;2025-11-07;50641;30268;86400;554650;1290000;0;70
53;2025-11-07;506410;49170;86400;1139058;2580000;0;111
53;2025-11-07;506411;53170;86400;1537251;4590000;0;304
53;2025-11-07;506412;33687;86400;714015;1530000;0;94
53;2025-11-07;506418;21390;86400;296268;2580000;2;6
53;2025-11-07;50642;30376;86400;752502;2580000;2;54
53;2025-11-07;50643;9887;86400;232600;2580000;0;16
53;2025-11-07;50644;51642;86400;1159010;2580000;0;135
53;2025-11-07;50645;4700;86400;39991;1530000;8;0
53;2025-11-07;50646;30621;86400;577043;2580000;0;64
53;2025-11-07;50647;-480116;86400;771056;4590000;0;128
53;2025-11-07;50648;7533;86400;185000;1290000;0;6
53;2025-11-07;50649;29749;86400;487012;1290000;0;35
53;2025-11-08;50641;5428;86400;105009;1290000;0;11
53;2025-11-08;506410;32939;86400;793044;2580000;0;86
53;2025-11-08;506411;40239;86400;1152183;4590000;0;214
53;2025-11-08;506412;20609;86400;476528;1530000;0;46
53;2025-11-08;506418;26127;86400;456984;2580000;4;4
53;2025-11-08;50642;16394;86400;389653;2580000;4;22
53;2025-11-08;50643;7277;86400;181000;2580000;0;10
53;2025-11-08;50644;32159;86400;746059;2580000;0;105
53;2025-11-08;50645;-5177929;86400;54991;1530000;11;0
53;2025-11-08;50646;19456;86400;279028;2580000;2;52
53;2025-11-08;50647;-318244;86400;530915;4590000;1;101
53;2025-11-08;50648;11119;86400;246009;1290000;0;13
53;2025-11-08;50649;5412;86400;88002;1290000;0;4
53;2025-11-09;506411;2367;86400;77009;4590000;0;15
53;2025-11-09;506412;1130;86400;25000;1530000;0;5
53;2025-11-09;50644;2372;86400;45004;2580000;0;8
53;2025-11-09;50646;261;86400;5000;2580000;0;1
53;2025-11-09;50647;-171251;86400;55010;4590000;0;11
53;2025-11-10;50641;14565;86400;286014;1290000;0;36
53;2025-11-10;506410;32916;86400;672600;2580000;0;109
53;2025-11-10;506411;51686;86400;1580259;4590000;0;296
53;2025-11-10;506412;34871;86400;806039;1530000;0;113
53;2025-11-10;506418;17956;86400;341663;2580000;1;6
53;2025-11-10;50642;18651;86400;432204;2580000;0;48
53;2025-11-10;50643;13405;86400;286207;2580000;6;18
53;2025-11-10;50644;39447;86400;744075;2580000;6;122
53;2025-11-10;50645;-9497827;86400;49993;1530000;10;0
53;2025-11-10;50646;24937;86400;387025;2580000;0;69
53;2025-11-10;50647;44080;86400;1116906;4590000;2;199
53;2025-11-10;50648;10668;86400;212013;1290000;0;25
53;2025-11-10;50649;15105;86400;298208;1290000;0;17
53;2025-11-11;50641;11176;86400;180023;1290000;0;32
53;2025-11-11;506410;30270;86400;600058;2580000;0;111
53;2025-11-11;506411;50566;86400;1402185;4590000;1;262
53;2025-11-11;506412;23868;86400;537038;1530000;0;75
53;2025-11-11;506418;12713;86400;172461;2580000;0;4
53;2025-11-11;50642;18347;86400;420001;2580000;0;35
53;2025-11-11;50643;3664;86400;80000;2580000;0;6
53;2025-11-11;50644;26138;86400;538066;2580000;7;86
53;2025-11-11;50646;16198;86400;245024;2580000;0;49
53;2025-11-11;50647;30313;86400;646056;4590000;0;112
53;2025-11-11;50648;17723;86400;366016;1290000;0;40
53;2025-11-11;50649;13965;86400;208997;1290000;0;33
53;2025-11-12;50641;6823;86400;111008;1290000;0;27
53;2025-11-12;506410;22389;86400;439036;2580000;1;59
53;2025-11-12;506411;47968;86400;1394167;4590000;4;259
53;2025-11-12;506412;34161;86400;762032;1530000;0;117
53;2025-11-12;506418;21479;86400;352005;2580000;0;6
53;2025-11-12;50642;12715;86400;257012;2580000;0;35
53;2025-11-12;50643;14877;86400;338001;2580000;0;17
53;2025-11-12;50644;25451;86400;493056;2580000;0;97
53;2025-11-12;50645;-6043286;86400;34996;1530000;7;0
53;2025-11-12;50646;15566;86400;255016;2580000;8;30
53;2025-11-12;50647;27590;86400;632050;4590000;0;117
53;2025-11-12;50648;13736;86400;305010;1290000;0;26
53;2025-11-12;50649;9378;86400;166006;1290000;0;17
53;2025-11-13;50641;12770;86400;223020;1290000;0;37
53;2025-11-13;506410;24399;86400;443060;2580000;0;83
53;2025-11-13;506411;45502;86400;1306143;4590000;0;247
53;2025-11-13;506412;33788;86400;748022;1530000;0;113
53;2025-11-13;506418;28020;86400;442338;2580000;1;8
53;2025-11-13;50642;23804;86400;552005;2580000;0;36
53;2025-11-13;50643;19024;86400;458001;2580000;0;18
53;2025-11-13;50644;27748;86400;562054;2580000;7;94
53;2025-11-13;50646;11399;86400;146017;2580000;0;29
53;2025-11-13;50647;-142097;86400;688043;4590000;0;113
53;2025-11-13;50648;9764;86400;228017;1290000;0;13
53;2025-11-13;50649;9889;86400;134500;1290000;0;24
53;2025-11-14;50641;11577;86400;220017;1290000;0;25
53;2025-11-14;506410;38844;86400;760076;2580000;0;129
53;2025-11-14;506411;57013;86400;1756294;4590000;0;311
53;2025-11-14;506412;37120;86400;816035;1530000;0;141
53;2025-11-14;506418;34030;86400;482144;2580000;0;9
53;2025-11-14;50642;17062;86400;404497;2580000;0;31
53;2025-11-14;50643;3915;86400;85000;2580000;0;9
53;2025-11-14;50644;34316;86400;713070;2580000;0;129
53;2025-11-14;50646;10764;86400;153015;2580000;7;25
53;2025-11-14;50647;37542;86400;793061;4590000;0;133
53;2025-11-14;50648;16678;86400;340027;1290000;0;42
53;2025-11-14;50649;6851;86400;95010;1290000;0;18
53;2025-11-15;50641;4765;86400;83015;1290000;0;12
53;2025-11-15;506410;18212;86400;378051;2580000;0;69
53;2025-11-15;506411;32991;86400;1003135;4590000;0;183
53;2025-11-15;506412;23869;86400;568537;1530000;0;68
53;2025-11-15;506418;21489;86400;321606;2580000;0;6
53;2025-11-15;50642;13013;86400;318003;2580000;0;13
53;2025-11-15;50643;12046;86400;286999;2580000;0;15
53;2025-11-15;50644;22184;86400;478045;2580000;0;81
53;2025-11-15;50646;12909;86400;186010;2580000;0;38
53;2025-11-15;50647;-318767;86400;676054;4590000;0;119
53;2025-11-15;50648;8992;86400;188501;1290000;0;14
53;2025-11-15;50649;5019;86400;105499;1290000;0;5
53;2025-11-16;506411;2125;86400;70004;4590000;0;14
53;2025-11-16;50644;2200;86400;55017;2580000;0;11
53;2025-11-16;50645;-1381251;86400;9998;1530000;2;0
53;2025-11-16;50647;-171152;86400;65008;4590000;0;13
53;2025-11-17;50641;9002;86400;147018;1290000;0;35
53;2025-11-17;506410;33983;86400;673078;2580000;0;135
53;2025-11-17;506411;57313;86400;1547252;4590000;0;285
53;2025-11-17;506412;36382;86400;856031;1530000;0;113
53;2025-11-17;506418;23730;86400;347537;2580000;0;6
53;2025-11-17;50642;23676;86400;555681;2580000;0;46
53;2025-11-17;50643;6521;86400;151002;2580000;0;12
53;2025-11-17;50644;34875;86400;717107;2580000;0;129
53;2025-11-17;50646;20149;86400;296023;2580000;0;60
53;2025-11-17;50647;44791;86400;1216115;4590000;0;227
53;2025-11-17;50648;13577;86400;247148;1290000;2;35
53;2025-11-17;50649;6022;86400;98001;1290000;0;9
53;2025-11-18;50641;6939;86400;117012;1290000;0;27
53;2025-11-18;506410;21572;86400;447024;2580000;0;66
53;2025-11-18;506411;48848;86400;1437199;4590000;0;264
53;2025-11-18;506412;28030;86400;633429;1530000;0;102
53;2025-11-18;506418;30769;86400;460434;2580000;1;8
53;2025-11-18;50642;19440;86400;424203;2580000;0;27
53;2025-11-18;50643;12944;86400;269501;2580000;0;14
53;2025-11-18;50644;17492;86400;341041;2580000;0;70
53;2025-11-18;50645;-3625243;86400;27996;1530000;6;0
53;2025-11-18;50646;9502;86400;143009;2580000;0;27
53;2025-11-18;50647;-487279;86400;618659;4590000;0;109
53;2025-11-18;50648;15122;86400;317004;1290000;0;32
53;2025-11-18;50649;8118;86400;133007;1290000;0;19
53;2025-11-19;50641;16925;86400;327519;1290000;0;45
53;2025-11-19;506410;28280;86400;543041;2580000;0;95
53;2025-11-19;506411;48418;86400;1379180;4590000;0;261
53;2025-11-19;506412;40981;86400;886554;1530000;0;122
53;2025-11-19;506418;34406;86400;652059;2580000;5;10
53;2025-11-19;50642;18661;86400;443003;2580000;0;36
53;2025-11-19;50643;11436;86400;258002;2580000;0;13
53;2025-11-19;50644;32158;86400;645551;2580000;1;97
53;2025-11-19;50646;15020;86400;213023;2580000;2;38
53;2025-11-19;50647;-486907;86400;733022;4590000;2;141
53;2025-11-19;50648;17186;86400;358005;1290000;0;37
53;2025-11-19;50649;16271;86400;281008;1290000;0;18
53;2025-11-20;50641;2331;86400;45001;1290000;0;2
53;2025-11-20;506410;8595;86400;152009;2580000;0;27
53;2025-11-20;506411;28787;86400;856130;4590000;0;159
53;2025-11-20;506412;12279;86400;305007;1530000;0;37
53;2025-11-20;506418;28005;86400;474183;2580000;1;9
53;2025-11-20;50642;15543;86400;365003;2580000;0;16
53;2025-11-20;50643;1680;86400;45000;2580000;0;1
53;2025-11-20;50644;13408;86400;226022;2580000;0;35
53;2025-11-20;50645;-2070881;86400;19997;1530000;4;0
53;2025-11-20;50646;7227;86400;107008;2580000;0;17
53;2025-11-20;50647;-152973;86400;506089;4590000;1;84
53;2025-11-20;50648;8650;86400;196005;1290000;0;12
53;2025-11-20;50649;6062;86400;122001;1290000;0;5
53;2025-11-21;50641;18211;86400;359019;1290000;0;31
53;2025-11-21;506410;40167;86400;769075;2580000;0;159
53;2025-11-21;506411;43964;86400;1295183;4590000;0;242
53;2025-11-21;506412;38390;86400;868043;1530000;0;112
53;2025-11-21;506418;34315;86400;768833;2580000;1;13
53;2025-11-21;50642;29039;86400;750500;2580000;0;42
53;2025-11-21;50643;8673;86400;208998;2580000;0;13
53;2025-11-21;50644;31472;86400;599063;2580000;0;111
53;2025-11-21;50646;17955;86400;250032;2580000;0;49
53;2025-11-21;50647;34155;86400;622064;4590000;0;109
53;2025-11-21;50648;26196;86400;562008;1290000;0;49
53;2025-11-21;50649;32019;86400;507505;1290000;0;42
53;2025-11-22;50641;7204;86400;135014;1290000;0;14
53;2025-11-22;506410;30201;86400;639082;2580000;0;112
53;2025-11-22;506411;40977;86400;1151219;4590000;0;208
53;2025-11-22;506412;24448;86400;579522;1530000;0;75
53;2025-11-22;506418;27788;86400;526143;2580000;0;9
53;2025-11-22;50642;16490;86400;345005;2580000;0;24
53;2025-11-22;50643;392;86400;5001;2580000;0;1
53;2025-11-22;50644;26157;86400;570095;2580000;0;116
53;2025-11-22;50645;-3882379;86400;44993;1530000;9;0
53;2025-11-22;50646;20543;86400;296030;2580000;1;56
53;2025-11-22;50647;21647;86400;405187;4590000;1;71
53;2025-11-22;50648;12747;86400;279007;1290000;0;21
53;2025-11-22;50649;9889;86400;192004;1290000;0;9
53;2025-11-23;506411;2425;86400;50001;4590000;0;10
53;2025-11-23;506412;401;86400;5000;1530000;0;1
53;2025-11-23;50642;577;86400;5001;2580000;0;1
53;2025-11-23;50644;913;86400;15005;2580000;0;3
53;2025-11-23;50647;-517398;86400;35010;4590000;0;7
53;2025-11-24;50641;16066;86400;334014;1290000;1;30
53;2025-11-24;506410;35983;86400;728083;2580000;0;130
53;2025-11-24;506411;56818;86400;1446205;4590000;0;263
53;2025-11-24;506412;36342;86400;799018;1530000;0;126
53;2025-11-24;506418;42235;86400;1068660;2580000;0;19
53;2025-11-24;50642;22054;86400;535003;2580000;0;39
53;2025-11-24;50643;10402;86400;260600;2580000;0;13
53;2025-11-24;50644;36338;86400;737062;2580000;2;137
53;2025-11-24;50645;-2760500;86400;33808;1530000;8;0
53;2025-11-24;50646;18305;86400;333026;2580000;0;61
53;2025-11-24;50647;-142609;86400;688059;4590000;0;121
53;2025-11-24;50648;22729;86400;454012;1290000;0;53
53;2025-11-24;50649;20931;86400;366604;1290000;0;41
53;2025-11-25;50641;14030;86400;273514;1290000;0;32
53;2025-11-25;506410;26312;86400;524036;2580000;2;68
53;2025-11-25;506411;45557;86400;1416191;4590000;0;259
53;2025-11-25;506412;38506;86400;856035;1530000;0;112
53;2025-11-25;506418;52531;86400;1072518;2580000;0;18
53;2025-11-25;50642;25427;86400;606547;2580000;3;33
53;2025-11-25;50643;7603;86400;199000;2580000;0;8
53;2025-11-25;50644;32214;86400;661057;2580000;0;99
53;2025-11-25;50646;11323;86400;203015;2580000;0;32
53;2025-11-25;50647;-653840;86400;736076;4590000;0;134
53;2025-11-25;50648;24497;86400;536011;1290000;0;40
53;2025-11-25;50649;8045;86400;72704;1290000;0;8
53;2025-11-26;50641;13108;86400;242012;1290000;0;30
53;2025-11-26;506410;24972;86400;467035;2580000;0;74
53;2025-11-26;506411;43706;86400;1197135;4590000;0;226
53;2025-11-26;506412;35861;86400;765541;1530000;0;106
53;2025-11-26;506418;63657;86400;1375263;2580000;1;23
53;2025-11-26;50642;21474;86400;615000;2580000;0;25
53;2025-11-26;50643;980;86400;25000;2580000;0;1
53;2025-11-26;50644;24871;86400;509042;2580000;0;80
53;2025-11-26;50645;-1034208;86400;19998;1530000;4;0
53;2025-11-26;50646;7711;86400;135019;2580000;0;24
53;2025-11-26;50647;-663555;86400;577039;4590000;0;95
53;2025-11-26;50648;27174;86400;571004;1290000;0;36
53;2025-11-26;50649;10231;86400;156200;1290000;0;9
53;2025-11-27;50641;11181;86400;210025;1290000;0;26
53;2025-11-27;506410;22417;86400;415030;2580000;0;70
53;2025-11-27;506411;47958;86400;1390832;4590000;0;253
53;2025-11-27;506412;35630;86400;808536;1530000;0;108
53;2025-11-27;506418;45669;86400;1032204;2580000;1;18
53;2025-11-27;50642;22039;86400;640500;2580000;0;27
53;2025-11-27;50643;9060;86400;225001;2580000;0;10
53;2025-11-27;50644;24033;86400;485531;2580000;0;65
53;2025-11-27;50646;10860;86400;192014;2580000;0;33
53;2025-11-27;50647;-487508;86400;732269;4590000;0;127
53;2025-11-27;50648;21645;86400;517005;1290000;0;24
53;2025-11-27;50649;22670;86400;395000;1290000;2;23
53;2025-11-28;50641;24745;86400;498017;1290000;0;38
53;2025-11-28;506410;33790;86400;664575;2580000;0;116
53;2025-11-28;506411;51812;86400;1600259;4590000;0;308
53;2025-11-28;506412;37889;86400;880033;1530000;0;112
53;2025-11-28;506418;59298;86400;1096078;2580000;0;19
53;2025-11-28;50642;30923;86400;770500;2580000;0;43
53;2025-11-28;50643;12234;86400;311999;2580000;0;12
53;2025-11-28;50644;35597;86400;703071;2580000;1;122
53;2025-11-28;50646;10661;86400;182015;2580000;0;38
53;2025-11-28;50647;-137504;86400;765077;4590000;0;140
53;2025-11-28;50648;20411;86400;439511;1290000;0;49
53;2025-11-28;50649;19766;86400;373997;1290000;0;18
53;2025-11-29;50641;3839;86400;80004;1290000;0;9
53;2025-11-29;506410;25959;86400;515685;2580000;0;109
53;2025-11-29;506411;35839;86400;1096187;4590000;0;210
53;2025-11-29;506412;23657;86400;550037;1530000;0;63
53;2025-11-29;506418;31907;86400;606911;2580000;0;11
53;2025-11-29;50642;15207;86400;349594;2580000;0;27
53;2025-11-29;50643;854;86400;17000;2580000;0;3
53;2025-11-29;50644;24302;86400;542041;2580000;0;85
53;2025-11-29;50646;17083;86400;295027;2580000;0;47
53;2025-11-29;50647;25556;86400;565048;4590000;0;102
53;2025-11-29;50648;9263;86400;221007;1290000;0;13
53;2025-11-29;50649;17888;86400;329600;1290000;0;18
53;2025-11-30;506411;2035;86400;70012;4590000;0;14
53;2025-11-30;506412;551;86400;10000;1530000;0;2
53;2025-11-30;50643;259;86400;5000;2580000;0;1
53;2025-11-30;50644;1427;86400;25002;2580000;0;5
53;2025-11-30;50645;-686169;86400;37991;1530000;8;0
53;2025-11-30;50646;706;86400;10002;2580000;0;2
53;2025-11-30;50647;-516103;86400;50014;4590000;0;10
54;2025-11-01;506537;18394;86400;290010;3870000;0;55
54;2025-11-01;506538;5515;86400;82076;3870000;4;19
54;2025-11-01;506539;8007;86400;118995;3870000;0;21
54;2025-11-01;506540;34906;86400;984080;3870000;0;182
54;2025-11-01;506541;24777;86400;676209;5160000;0;121
54;2025-11-01;506542;16460;86400;258029;3870000;0;46
54;2025-11-01;506543;12761;86400;214934;3870000;0;44
54;2025-11-01;506545;2731;86400;61996;5160000;0;2
54;2025-11-01;506546;13646;86400;303001;2580000;0;13
54;2025-11-01;506548;30209;86400;861030;2580000;3;31
54;2025-11-01;506549;21932;86400;692040;3870000;0;15
54;2025-11-01;50658;12971;86400;208996;3870000;0;7
54;2025-11-03;506537;20520;86400;353335;3870000;3;55
54;2025-11-03;506538;10071;86400;135975;3870000;6;31
54;2025-11-03;506539;11494;86400;154014;3870000;0;28
54;2025-11-03;506540;58990;86400;1679171;3870000;6;284
54;2025-11-03;506541;34205;86400;815948;5160000;5;135
54;2025-11-03;506542;21908;86400;338042;3870000;0;75
54;2025-11-03;506543;32840;86400;542888;3870000;2;105
54;2025-11-03;506545;22009;86400;421493;5160000;0;16
54;2025-11-03;506546;33722;86400;803002;2580000;0;39
54;2025-11-03;506548;32643;86400;1068585;2580000;0;24
54;2025-11-03;506549;24111;86400;711035;3870000;0;20
54;2025-11-03;50658;26988;86400;509496;3870000;0;20
54;2025-11-04;506537;22540;86400;358977;3870000;6;25
54;2025-11-04;506538;8260;86400;82003;3870000;0;14
54;2025-11-04;506539;9395;86400;135004;3870000;0;17
54;2025-11-04;506540;45389;86400;1276078;3870000;0;216
54;2025-11-04;506541;29572;86400;829236;5160000;9;122
54;2025-11-04;506542;15448;86400;233038;3870000;0;50
54;2025-11-04;506543;21348;86400;321518;3870000;0;74
54;2025-11-04;506545;11746;86400;181991;5160000;0;10
54;2025-11-04;506546;21925;86400;505500;2580000;0;32
54;2025-11-04;506548;29864;86400;897080;2580000;0;30
54;2025-11-04;506549;24705;86400;710039;3870000;1;15
54;2025-11-04;50658;27513;86400;417494;3870000;0;25
54;2025-11-05;506537;20819;86400;311621;3870000;1;44
54;2025-11-05;506538;7696;86400;92000;3870000;0;24
54;2025-11-05;506539;13695;86400;190015;3870000;0;22
54;2025-11-05;506540;42872;86400;1199073;3870000;4;208
54;2025-11-05;506541;38107;86400;930247;5160000;2;138
54;2025-11-05;506542;12885;86400;191021;3870000;0;39
54;2025-11-05;506543;23546;86400;429858;3870000;2;68
54;2025-11-05;506545;11426;86400;142488;5160000;0;11
54;2025-11-05;506546;31834;86400;578496;2580000;1;41
54;2025-11-05;506548;25360;86400;726003;2580000;0;20
54;2025-11-05;506549;11392;86400;322018;3870000;0;7
54;2025-11-05;50658;23232;86400;317495;3870000;3;17
54;2025-11-06;506537;22348;86400;417009;3870000;1;62
54;2025-11-06;506538;10188;86400;142450;3870000;0;21
54;2025-11-06;506539;11379;86400;179556;3870000;4;19
54;2025-11-06;506540;45660;86400;1312075;3870000;0;245
54;2025-11-06;506541;33719;86400;852206;5160000;0;123
54;2025-11-06;506542;14368;86400;242978;3870000;0;54
54;2025-11-06;506543;25173;86400;408890;3870000;0;78
54;2025-11-06;506545;10094;86400;149495;5160000;0;11
54;2025-11-06;506546;32393;86400;703007;2580000;0;58
54;2025-11-06;506548;14530;86400;434537;2580000;0;16
54;2025-11-06;506549;9728;86400;255016;3870000;0;11
54;2025-11-06;50658;26351;86400;481496;3870000;0;30
54;2025-11-07;506537;28749;86400;497056;3870000;3;83
54;2025-11-07;506538;15138;86400;196735;3870000;6;34
54;2025-11-07;506539;9322;86400;175105;3870000;2;16
54;2025-11-07;506540;50896;86400;1396100;3870000;1;252
54;2025-11-07;506541;35177;86400;992235;5160000;0;147
54;2025-11-07;506542;23948;86400;370549;3870000;2;58
54;2025-11-07;506543;36735;86400;566158;3870000;4;111
54;2025-11-07;506545;15902;86400;315983;5160000;0;17
54;2025-11-07;506546;31702;86400;743501;2580000;4;48
54;2025-11-07;506548;19537;86400;623010;2580000;0;24
54;2025-11-07;506549;10066;86400;285016;3870000;0;7
54;2025-11-07;50658;29380;86400;512996;3870000;1;29
54;2025-11-08;506537;21495;86400;384999;3870000;1;58
54;2025-11-08;506538;5979;86400;55544;3870000;14;12
54;2025-11-08;506539;14013;86400;240507;3870000;2;19
54;2025-11-08;506540;40764;86400;1107684;3870000;2;189
54;2025-11-08;506541;27478;86400;742296;5160000;1;126
54;2025-11-08;506542;15781;86400;248019;3870000;0;32
54;2025-11-08;506543;26304;86400;482914;3870000;3;75
54;2025-11-08;506545;5457;86400;123993;5160000;0;4
54;2025-11-08;506546;29618;86400;718994;2580000;0;47
54;2025-11-08;506548;14600;86400;456042;2580000;0;11
54;2025-11-08;506549;5571;86400;166961;3870000;0;7
54;2025-11-08;50658;18525;86400;309074;3870000;2;19
54;2025-11-09;506537;2353;86400;34998;3870000;0;7
54;2025-11-09;506539;301;86400;4999;3870000;0;1
54;2025-11-09;506540;1599;86400;35001;3870000;0;7
54;2025-11-09;506548;4413;86400;154015;2580000;0;4
54;2025-11-09;506549;4748;86400;135006;3870000;0;3
54;2025-11-10;506537;38610;86400;678653;3870000;4;86
54;2025-11-10;506538;15539;86400;226037;3870000;0;43
54;2025-11-10;506539;23753;86400;383605;3870000;3;30
54;2025-11-10;506540;55699;86400;1571077;3870000;12;285
54;2025-11-10;506541;40087;86400;915229;5160000;3;135
54;2025-11-10;506542;28184;86400;463049;3870000;0;80
54;2025-11-10;506543;37244;86400;752508;3870000;7;97
54;2025-11-10;506545;5639;86400;79997;5160000;0;3
54;2025-11-10;506546;13126;86400;203981;2580000;0;10
54;2025-11-10;506548;33690;86400;1016035;2580000;0;31
54;2025-11-10;506549;16064;86400;408023;3870000;0;23
54;2025-11-10;50658;7555;86400;116991;3870000;0;9
54;2025-11-11;506537;30314;86400;560656;3870000;3;64
54;2025-11-11;506538;10845;86400;195020;3870000;0;31
54;2025-11-11;506539;16698;86400;234125;3870000;3;34
54;2025-11-11;506540;48695;86400;1399632;3870000;7;238
54;2025-11-11;506541;35273;86400;901209;5160000;0;128
54;2025-11-11;506542;16445;86400;243039;3870000;2;41
54;2025-11-11;506543;28011;86400;437891;3870000;0;92
54;2025-11-11;506546;3167;86400;63501;2580000;0;3
54;2025-11-11;506548;25496;86400;808055;2580000;0;19
54;2025-11-11;506549;11455;86400;319019;3870000;0;7
54;2025-11-11;50658;5163;86400;117498;3870000;0;4
54;2025-11-12;506537;36613;86400;656516;3870000;0;87
54;2025-11-12;506538;11993;86400;198526;3870000;0;36
54;2025-11-12;506539;16928;86400;263020;3870000;0;31
54;2025-11-12;506540;56675;86400;1589095;3870000;7;270
54;2025-11-12;506541;37378;86400;906217;5160000;9;135
54;2025-11-12;506542;22694;86400;354519;3870000;0;67
54;2025-11-12;506543;31542;86400;489662;3870000;2;93
54;2025-11-12;506546;1654;86400;20000;2580000;0;3
54;2025-11-12;506548;27088;86400;723963;2580000;0;22
54;2025-11-12;506549;16975;86400;435023;3870000;0;14
54;2025-11-12;50658;10387;86400;153997;3870000;0;8
54;2025-11-13;506537;37094;86400;627999;3870000;1;77
54;2025-11-13;506538;15631;86400;213538;3870000;2;41
54;2025-11-13;506539;16790;86400;286084;3870000;4;35
54;2025-11-13;506540;55870;86400;1477041;3870000;8;248
54;2025-11-13;506541;36373;86400;935224;5160000;2;138
54;2025-11-13;506542;23552;86400;337529;3870000;2;50
54;2025-11-13;506543;37975;86400;794452;3870000;14;88
54;2025-11-13;506545;6375;86400;126994;5160000;0;7
54;2025-11-13;506546;12618;86400;199000;2580000;0;9
54;2025-11-13;506548;30207;86400;956079;2580000;0;22
54;2025-11-13;506549;17736;86400;500031;3870000;0;15
54;2025-11-13;50658;14326;86400;174979;3870000;9;6
54;2025-11-14;506537;24501;86400;407005;3870000;2;61
54;2025-11-14;506538;8883;86400;142033;3870000;3;28
54;2025-11-14;506539;18589;86400;297512;3870000;2;37
54;2025-11-14;506540;57723;86400;1517994;3870000;1;287
54;2025-11-14;506541;42808;86400;1067267;5160000;1;161
54;2025-11-14;506542;28679;86400;457002;3870000;0;88
54;2025-11-14;506543;34042;86400;541914;3870000;0;104
54;2025-11-14;506545;12586;86400;307498;5160000;0;16
54;2025-11-14;506546;12541;86400;250996;2580000;0;28
54;2025-11-14;506548;33240;86400;1181396;2580000;0;38
54;2025-11-14;506549;24096;86400;671040;3870000;0;26
54;2025-11-14;50658;11663;86400;207997;3870000;0;9
54;2025-11-15;506537;17623;86400;254483;3870000;4;47
54;2025-11-15;506538;6890;86400;76213;3870000;0;20
54;2025-11-15;506539;6219;86400;83063;3870000;1;14
54;2025-11-15;506540;42957;86400;1052748;3870000;1;190
54;2025-11-15;506541;27174;86400;703267;5160000;0;144
54;2025-11-15;506542;19671;86400;230020;3870000;4;50
54;2025-11-15;506543;16268;86400;222710;3870000;8;40
54;2025-11-15;506545;18155;86400;199156;5160000;1;18
54;2025-11-15;506546;30331;86400;592499;2580000;0;55
54;2025-11-15;506548;21682;86400;627202;2580000;0;22
54;2025-11-15;506549;18003;86400;567026;3870000;0;12
54;2025-11-15;50658;27612;86400;413992;3870000;0;16
54;2025-11-16;506539;1199;86400;19997;3870000;0;4
54;2025-11-16;506540;2451;86400;74994;3870000;0;14
54;2025-11-16;506548;11241;86400;353025;2580000;0;12
54;2025-11-16;506549;3965;86400;140006;3870000;0;3
54;2025-11-17;506537;24684;86400;414323;3870000;4;80
54;2025-11-17;506538;13007;86400;185090;3870000;2;46
54;2025-11-17;506539;10197;86400;133073;3870000;2;18
54;2025-11-17;506540;52383;86400;1397081;3870000;9;246
54;2025-11-17;506541;33687;86400;909254;5160000;0;152
54;2025-11-17;506542;26230;86400;401060;3870000;0;79
54;2025-11-17;506543;32561;86400;596336;3870000;2;101
54;2025-11-17;506545;8666;86400;128982;5160000;0;12
54;2025-11-17;506546;24974;86400;509499;2580000;0;52
54;2025-11-17;506548;33478;86400;924369;2580000;0;35
54;2025-11-17;506549;15145;86400;480031;3870000;0;10
54;2025-11-17;50658;16081;86400;286494;3870000;0;12
54;2025-11-18;506537;31527;86400;637543;3870000;1;74
54;2025-11-18;506538;6557;86400;98030;3870000;0;22
54;2025-11-18;506539;16066;86400;268067;3870000;1;22
54;2025-11-18;506540;50534;86400;1471093;3870000;0;273
54;2025-11-18;506541;27822;86400;649201;5160000;1;101
54;2025-11-18;506542;21518;86400;348065;3870000;0;65
54;2025-11-18;506543;26194;86400;427182;3870000;3;73
54;2025-11-18;506546;22063;86400;437573;2580000;3;43
54;2025-11-18;506548;23421;86400;744554;2580000;0;19
54;2025-11-18;506549;21258;86400;589031;3870000;0;13
54;2025-11-18;50658;21362;86400;380407;3870000;6;24
54;2025-11-19;506537;31506;86400;503756;3870000;1;74
54;2025-11-19;506538;19296;86400;249144;3870000;1;46
54;2025-11-19;506539;10995;86400;164997;3870000;0;28
54;2025-11-19;506540;55803;86400;1595195;3870000;3;298
54;2025-11-19;506541;20353;86400;438122;5160000;0;71
54;2025-11-19;506542;23725;86400;361950;3870000;2;78
54;2025-11-19;506543;23408;86400;324909;3870000;0;74
54;2025-11-19;506545;8169;86400;119984;5160000;0;10
54;2025-11-19;506546;26988;86400;568997;2580000;0;54
54;2025-11-19;506548;35715;86400;1050038;2580000;0;35
54;2025-11-19;506549;28804;86400;779189;3870000;0;19
54;2025-11-19;50658;15919;86400;238993;3870000;0;24
54;2025-11-20;506537;12550;86400;208984;3870000;0;33
54;2025-11-20;506538;4659;86400;73013;3870000;0;16
54;2025-11-20;506539;4367;86400;67001;3870000;1;13
54;2025-11-20;506540;35050;86400;951066;3870000;0;148
54;2025-11-20;506541;28251;86400;722186;5160000;0;118
54;2025-11-20;506542;9396;86400;139024;3870000;0;24
54;2025-11-20;506543;17516;86400;258923;3870000;0;53
54;2025-11-20;506545;2907;86400;34994;5160000;0;7
54;2025-11-20;506546;22242;86400;492994;2580000;0;39
54;2025-11-20;506548;31807;86400;990234;2580000;0;31
54;2025-11-20;506549;22959;86400;707034;3870000;2;17
54;2025-11-20;50658;13764;86400;227995;3870000;0;17
54;2025-11-21;506537;24957;86400;342939;3870000;0;69
54;2025-11-21;506538;14799;86400;188069;3870000;5;39
54;2025-11-21;506539;6412;86400;87010;3870000;0;15
54;2025-11-21;506540;51652;86400;1416202;3870000;1;257
54;2025-11-21;506541;34007;86400;911254;5160000;0;150
54;2025-11-21;506542;14410;86400;199736;3870000;0;44
54;2025-11-21;506543;32163;86400;558790;3870000;6;98
54;2025-11-21;506545;7352;86400;114995;5160000;0;6
54;2025-11-21;506546;14561;86400;326998;2580000;0;25
54;2025-11-21;506548;33874;86400;1070293;2580000;0;39
54;2025-11-21;506549;26216;86400;781545;3870000;0;21
54;2025-11-21;50658;13722;86400;208998;3870000;0;18
54;2025-11-22;506537;30547;86400;528007;3870000;0;78
54;2025-11-22;506538;8785;86400;135027;3870000;0;31
54;2025-11-22;506539;7753;86400;117004;3870000;0;15
54;2025-11-22;506540;37292;86400;1025075;3870000;0;185
54;2025-11-22;506541;31625;86400;808236;5160000;3;98
54;2025-11-22;506542;12527;86400;209524;3870000;0;29
54;2025-11-22;506543;24331;86400;406915;3870000;0;68
54;2025-11-22;506545;5867;86400;101986;5160000;0;8
54;2025-11-22;506546;3211;86400;66998;2580000;0;3
54;2025-11-22;506548;20901;86400;586191;2580000;0;17
54;2025-11-22;506549;8564;86400;240013;3870000;0;6
54;2025-11-22;50658;16158;86400;265001;3870000;0;13
54;2025-11-23;506537;2603;86400;24335;3870000;0;5
54;2025-11-23;506540;3501;86400;84996;3870000;0;9
54;2025-11-23;506548;7516;86400;257022;2580000;0;6
54;2025-11-23;506549;6796;86400;240015;3870000;0;5
54;2025-11-24;506537;33846;86400;586296;3870000;3;84
54;2025-11-24;506538;12200;86400;173288;3870000;2;36
54;2025-11-24;506539;21214;86400;290327;3870000;5;40
54;2025-11-24;506540;56828;86400;1578132;3870000;5;268
54;2025-11-24;506541;38628;86400;984246;5160000;4;140
54;2025-11-24;506542;25578;86400;379729;3870000;4;70
54;2025-11-24;506543;36566;86400;563915;3870000;0;97
54;2025-11-24;506545;17898;86400;276975;5160000;0;30
54;2025-11-24;506546;16462;86400;350055;2580000;1;19
54;2025-11-24;506548;28383;86400;798015;2580000;0;35
54;2025-11-24;506549;15529;86400;477073;3870000;0;20
54;2025-11-24;50658;30663;86400;462999;3870000;0;37
54;2025-11-25;506537;22996;86400;396614;3870000;0;57
54;2025-11-25;506538;12459;86400;165154;3870000;6;37
54;2025-11-25;506539;6350;86400;107003;3870000;1;17
54;2025-11-25;506540;42905;86400;1148102;3870000;0;213
54;2025-11-25;506541;32567;86400;840702;5160000;0;115
54;2025-11-25;506542;20060;86400;316029;3870000;0;48
54;2025-11-25;506543;28110;86400;576990;3870000;7;70
54;2025-11-25;506545;2288;86400;24993;5160000;0;5
54;2025-11-25;506546;15516;86400;318001;2580000;0;22
54;2025-11-25;506548;28143;86400;879171;2580000;0;25
54;2025-11-25;506549;16150;86400;465024;3870000;0;10
54;2025-11-25;50658;21564;86400;365694;3870000;1;18
54;2025-11-26;506537;20952;86400;319492;3870000;0;55
54;2025-11-26;506538;1168;86400;18006;3870000;0;5
54;2025-11-26;506539;11362;86400;180067;3870000;3;38
54;2025-11-26;506540;42285;86400;1150525;3870000;3;215
54;2025-11-26;506541;31367;86400;886242;5160000;0;144
54;2025-11-26;506542;12912;86400;202011;3870000;1;43
54;2025-11-26;506543;28692;86400;609683;3870000;10;87
54;2025-11-26;506545;14356;86400;189988;5160000;0;12
54;2025-11-26;506546;24293;86400;489991;2580000;0;41
54;2025-11-26;506548;31073;86400;931117;2580000;0;27
54;2025-11-26;506549;24056;86400;731187;3870000;0;18
54;2025-11-26;50658;20154;86400;357493;3870000;0;21
54;2025-11-27;506537;18329;86400;297558;3870000;1;54
54;2025-11-27;506538;2329;86400;40008;3870000;0;9
54;2025-11-27;506539;12506;86400;205019;3870000;3;23
54;2025-11-27;506540;47304;86400;1333076;3870000;0;229
54;2025-11-27;506541;39176;86400;963233;5160000;0;150
54;2025-11-27;506542;14931;86400;209026;3870000;1;40
54;2025-11-27;506543;33381;86400;549892;3870000;0;97
54;2025-11-27;506545;8537;86400;101393;5160000;2;6
54;2025-11-27;506546;25431;86400;526701;2580000;1;26
54;2025-11-27;506548;25708;86400;761713;2580000;0;23
54;2025-11-27;506549;15144;86400;540023;3870000;0;11
54;2025-11-27;50658;17131;86400;354700;3870000;1;15
54;2025-11-28;506537;36193;86400;628008;3870000;5;95
54;2025-11-28;506538;15404;86400;232117;3870000;1;51
54;2025-11-28;506539;10737;86400;177565;3870000;2;26
54;2025-11-28;506540;40927;86400;1079076;3870000;17;166
54;2025-11-28;506541;46313;86400;823223;5160000;5;152
54;2025-11-28;506542;13178;86400;159173;3870000;7;30
54;2025-11-28;506543;37371;86400;647851;3870000;4;134
54;2025-11-28;506545;25685;86400;331982;5160000;0;22
54;2025-11-28;506546;18397;86400;302485;2580000;0;28
54;2025-11-28;506548;30027;86400;858023;2580000;0;32
54;2025-11-28;506549;18664;86400;544179;3870000;0;16
54;2025-11-28;50658;20895;86400;410596;3870000;3;15
54;2025-11-29;506537;26931;86400;501023;3870000;0;82
54;2025-11-29;506538;7493;86400;140010;3870000;0;18
54;2025-11-29;506539;9271;86400;155051;3870000;3;22
54;2025-11-29;506540;46075;86400;1233053;3870000;0;217
54;2025-11-29;506541;27698;86400;831988;5160000;2;142
54;2025-11-29;506542;2282;86400;20002;3870000;3;1
54;2025-11-29;506543;30124;86400;515797;3870000;1;96
54;2025-11-29;506545;8684;86400;100994;5160000;0;16
54;2025-11-29;506546;5516;86400;71000;2580000;0;3
54;2025-11-29;506548;21352;86400;625001;2580000;0;23
54;2025-11-29;506549;12372;86400;356018;3870000;0;9
54;2025-11-29;50658;24942;86400;404497;3870000;0;27
54;2025-11-30;506540;1351;86400;32001;3870000;0;6
54;2025-11-30;506541;4141;86400;78246;5160000;0;10
54;2025-11-30;506548;15613;86400;426541;2580000;0;19
54;2025-11-30;506549;6079;86400;170016;3870000;0;13
57;2025-11-01;50681;22821;68400;586069;4080000;0;109
57;2025-11-01;506810;29194;68400;596012;4080000;0;56
57;2025-11-01;506812;26630;68400;609545;4080000;0;62
57;2025-11-01;506813;23381;68400;487150;4080000;0;104
57;2025-11-01;506814;26751;68400;568030;4080000;0;57
57;2025-11-01;506818;943;68400;14000;3600000;0;4
57;2025-11-01;50683;2455;68400;43000;4080000;0;1
57;2025-11-01;50684;26374;68400;562502;4080000;0;120
57;2025-11-01;50685;23366;68400;485094;4080000;0;119
57;2025-11-01;50686;25143;68400;534052;4080000;0;100
57;2025-11-01;50689;15751;68400;315006;2040000;0;7
57;2025-11-03;50681;40787;68400;984862;4080000;2;182
57;2025-11-03;506810;53816;68400;1344528;4080000;0;115
57;2025-11-03;506812;41320;68400;929031;4080000;0;71
57;2025-11-03;506813;43131;68400;967333;4080000;0;205
57;2025-11-03;506814;37979;68400;860538;4080000;0;62
57;2025-11-03;506815;49980;68400;1881010;2400000;0;56
57;2025-11-03;506817;10869;68400;5000;4800000;1;0
57;2025-11-03;506818;5385;68400;74000;3600000;0;20
57;2025-11-03;50683;6654;68400;107011;4080000;0;5
57;2025-11-03;50684;42913;68400;898540;4080000;0;190
57;2025-11-03;50685;38247;68400;897179;4080000;2;195
57;2025-11-03;50686;51117;68400;1084438;4080000;0;184
57;2025-11-03;50689;21634;68400;540011;2040000;0;12
57;2025-11-04;50681;39122;68400;892125;4080000;0;194
57;2025-11-04;506810;36558;68400;872513;4080000;0;56
57;2025-11-04;506812;42994;68400;985548;4080000;0;65
57;2025-11-04;506813;38064;68400;847690;4080000;0;179
57;2025-11-04;506814;46639;68400;1153073;4080000;0;105
57;2025-11-04;506815;53340;68400;2383874;2400000;0;68
57;2025-11-04;506816;1167;68400;15000;4800000;0;3
57;2025-11-04;506818;2464;68400;31999;3600000;0;8
57;2025-11-04;50683;7586;68400;188024;4080000;0;34
57;2025-11-04;50684;26146;68400;542023;4080000;2;137
57;2025-11-04;50685;41658;68400;910879;4080000;0;194
57;2025-11-04;50686;-4238736860;68400;963046;4080000;2;167
57;2025-11-04;50689;16979;68400;410009;2040000;0;9
57;2025-11-05;50681;38211;68400;841722;4080000;3;183
57;2025-11-05;506810;33361;68400;608004;4080000;0;26
57;2025-11-05;506812;47867;68400;1120564;4080000;0;98
57;2025-11-05;506813;39084;68400;841331;4080000;0;196
57;2025-11-05;506814;52558;68400;1215377;4080000;0;96
57;2025-11-05;506815;58920;68400;2402914;2400000;0;72
57;2025-11-05;506816;1240;68400;15000;4800000;0;3
57;2025-11-05;506818;2368;68400;32000;3600000;0;9
57;2025-11-05;50683;24051;68400;64856;4080000;13;0
57;2025-11-05;50684;38341;68400;844511;4080000;0;168
57;2025-11-05;50685;41192;68400;998210;4080000;0;210
57;2025-11-05;50686;45762;68400;1065984;4080000;0;175
57;2025-11-05;50689;21662;68400;461013;2040000;0;11
57;2025-11-06;50681;40857;68400;989246;4080000;1;190
57;2025-11-06;506810;52797;68400;937421;4080000;0;83
57;2025-11-06;506812;34892;68400;604017;4080000;0;33
57;2025-11-06;506813;28848;68400;606682;4080000;0;127
57;2025-11-06;506814;55772;68400;1120036;4080000;0;75
57;2025-11-06;506815;67320;68400;2535335;2400000;0;74
57;2025-11-06;506818;2558;68400;35002;3600000;0;9
57;2025-11-06;50683;24576;68400;375055;4080000;0;62
57;2025-11-06;50684;32279;68400;647991;4080000;0;136
57;2025-11-06;50685;48422;68400;1078233;4080000;0;220
57;2025-11-06;50686;52296;68400;1061092;4080000;0;197
57;2025-11-06;50689;8392;68400;151999;2040000;0;9
57;2025-11-07;50681;44931;68400;1046650;4080000;0;221
57;2025-11-07;506810;51410;68400;759516;4080000;2;81
57;2025-11-07;506812;47413;68400;933025;4080000;0;57
57;2025-11-07;506813;28228;68400;498036;4080000;2;99
57;2025-11-07;506814;50085;68400;1097948;4080000;0;101
57;2025-11-07;506815;53760;68400;2249651;2400000;1;67
57;2025-11-07;506816;394;68400;5000;4800000;0;1
57;2025-11-07;506818;4502;68400;52008;3600000;6;14
57;2025-11-07;50683;11174;68400;256538;4080000;0;45
57;2025-11-07;50684;40897;68400;954023;4080000;3;192
57;2025-11-07;50685;47751;68400;1143358;4080000;0;217
57;2025-11-07;50686;50755;68400;981017;4080000;2;193
57;2025-11-07;50689;18676;68400;495008;2040000;0;11
57;2025-11-08;50681;23020;68400;588591;4080000;0;104
57;2025-11-08;506810;19870;68400;402519;4080000;0;41
57;2025-11-08;506812;17982;68400;383014;4080000;0;39
57;2025-11-08;506813;26846;68400;594128;4080000;0;126
57;2025-11-08;506814;25784;68400;598615;4080000;6;52
57;2025-11-08;506815;26400;68400;1086396;2400000;0;33
57;2025-11-08;506818;1792;68400;13585;3600000;2;3
57;2025-11-08;50683;1901;68400;44047;4080000;0;14
57;2025-11-08;50684;23730;68400;557068;4080000;0;125
57;2025-11-08;50685;23826;68400;568083;4080000;0;101
57;2025-11-08;50686;29026;68400;668578;4080000;0;119
57;2025-11-08;50689;18647;68400;439807;2040000;0;14
57;2025-11-10;50681;31524;68400;814875;4080000;5;107
57;2025-11-10;506810;58251;68400;1261568;4080000;1;91
57;2025-11-10;506812;45450;68400;950039;4080000;0;66
57;2025-11-10;506813;35600;68400;743139;4080000;0;171
57;2025-11-10;506814;48246;68400;1137969;4080000;1;100
57;2025-11-10;506815;30480;68400;1194559;2400000;2;33
57;2025-11-10;506816;1159;68400;15000;4800000;0;3
57;2025-11-10;506818;5287;68400;78001;3600000;0;18
57;2025-11-10;50683;34283;68400;697650;4080000;1;126
57;2025-11-10;50684;40805;68400;899581;4080000;0;186
57;2025-11-10;50685;41807;68400;994265;4080000;0;192
57;2025-11-10;50686;43447;68400;1002092;4080000;0;171
57;2025-11-10;50689;17120;68400;320006;2040000;0;10
57;2025-11-11;50681;32783;68400;700053;4080000;0;142
57;2025-11-11;506810;36994;68400;785046;4080000;0;99
57;2025-11-11;506812;31208;68400;816540;4080000;0;66
57;2025-11-11;506813;30704;68400;665721;4080000;0;155
57;2025-11-11;506814;38046;68400;993043;4080000;0;82
57;2025-11-11;506815;840;68400;13913;2400000;0;1
57;2025-11-11;506816;3435;68400;45351;4800000;3;1
57;2025-11-11;506818;1859;68400;29002;3600000;0;7
57;2025-11-11;50683;27767;68400;680118;4080000;0;159
57;2025-11-11;50684;12180;68400;254008;4080000;0;61
57;2025-11-11;50685;32989;68400;773686;4080000;0;164
57;2025-11-11;50686;33381;68400;736057;4080000;0;149
57;2025-11-11;50689;18744;68400;405008;2040000;0;9
57;2025-11-12;50681;33570;68400;796095;4080000;0;152
57;2025-11-12;506810;37277;68400;759324;4080000;0;79
57;2025-11-12;506812;34032;68400;833517;4080000;0;46
57;2025-11-12;506813;29379;68400;676977;4080000;0;159
57;2025-11-12;506814;43731;68400;1087557;4080000;0;94
57;2025-11-12;506815;42660;68400;1796140;2400000;0;53
57;2025-11-12;506816;1549;68400;20000;4800000;0;4
57;2025-11-12;506818;2366;68400;29000;3600000;0;10
57;2025-11-12;50683;11550;68400;231031;4080000;0;50
57;2025-11-12;50684;28888;68400;646040;4080000;0;134
57;2025-11-12;50685;35185;68400;871149;4080000;0;162
57;2025-11-12;50686;31012;68400;707049;4080000;0;142
57;2025-11-12;50689;14592;68400;355803;2040000;0;17
57;2025-11-13;50681;29638;68400;658593;4080000;0;137
57;2025-11-13;506810;47556;68400;1139022;4080000;0;88
57;2025-11-13;506812;40636;68400;901547;4080000;0;75
57;2025-11-13;506813;31103;68400;730708;4080000;0;157
57;2025-11-13;506814;46828;68400;924932;4080000;0;84
57;2025-11-13;506815;47220;68400;1746539;2400000;0;53
57;2025-11-13;506818;2213;68400;34001;3600000;0;8
57;2025-11-13;50683;19420;68400;424078;4080000;0;86
57;2025-11-13;50684;26502;68400;625509;4080000;0;142
57;2025-11-13;50685;33670;68400;790136;4080000;0;141
57;2025-11-13;50686;26813;68400;605954;4080000;0;102
57;2025-11-13;50689;12577;68400;270005;2040000;0;6
57;2025-11-14;50681;37944;68400;896807;4080000;0;183
57;2025-11-14;506810;41880;68400;961027;4080000;0;93
57;2025-11-14;506812;41511;68400;1022447;4080000;0;73
57;2025-11-14;506813;33076;68400;808180;4080000;0;183
57;2025-11-14;506814;50690;68400;1182560;4080000;0;113
57;2025-11-14;506815;42240;68400;1664521;2400000;0;51
57;2025-11-14;506817;1696;68400;15000;4800000;3;0
57;2025-11-14;506818;4445;68400;60000;3600000;0;15
57;2025-11-14;50683;32402;68400;764893;4080000;4;155
57;2025-11-14;50684;34447;68400;787108;4080000;1;184
57;2025-11-14;50685;29237;68400;719116;4080000;0;131
57;2025-11-14;50686;45889;68400;1025075;4080000;0;177
57;2025-11-14;50689;17503;68400;450009;2040000;0;10
57;2025-11-15;50681;19413;68400;436053;4080000;0;79
57;2025-11-15;506810;24342;68400;480514;4080000;0;55
57;2025-11-15;506812;21396;68400;489078;4080000;0;55
57;2025-11-15;506813;20603;68400;455606;4080000;0;81
57;2025-11-15;506814;25687;68400;737592;4080000;3;50
57;2025-11-15;506818;4086;68400;60000;3600000;0;15
57;2025-11-15;50683;18675;68400;444070;4080000;0;100
57;2025-11-15;50684;7336;68400;146000;4080000;0;33
57;2025-11-15;50685;25174;68400;641025;4080000;0;118
57;2025-11-15;50686;27325;68400;554977;4080000;3;99
57;2025-11-15;50689;31244;68400;692010;2040000;0;21
57;2025-11-17;50681;36954;68400;843078;4080000;0;169
57;2025-11-17;506810;28447;68400;516005;4080000;0;33
57;2025-11-17;506812;42094;68400;943567;4080000;0;96
57;2025-11-17;506813;43168;68400;989236;4080000;2;213
57;2025-11-17;506814;46790;68400;1103052;4080000;0;119
57;2025-11-17;506815;50460;68400;1828484;2400000;0;54
57;2025-11-17;506817;8046;68400;70000;4800000;7;0
57;2025-11-17;506818;2232;68400;32000;3600000;0;8
57;2025-11-17;50683;24982;68400;559250;4080000;0;108
57;2025-11-17;50684;31042;68400;662536;4080000;0;158
57;2025-11-17;50685;38857;68400;905338;4080000;0;179
57;2025-11-17;50686;41507;68400;922967;4080000;0;172
57;2025-11-17;50689;22532;68400;630012;2040000;0;14
57;2025-11-18;50681;28923;68400;626710;4080000;2;125
57;2025-11-18;506810;28655;68400;542005;4080000;0;26
57;2025-11-18;506812;40551;68400;944525;4080000;0;59
57;2025-11-18;506813;25250;68400;571671;4080000;0;125
57;2025-11-18;506814;43218;68400;986355;4080000;0;97
57;2025-11-18;506815;58500;68400;2547458;2400000;0;74
57;2025-11-18;506818;8678;68400;128008;3600000;0;29
57;2025-11-18;50683;12561;68400;264070;4080000;0;53
57;2025-11-18;50684;26536;68400;644013;4080000;1;137
57;2025-11-18;50685;38677;68400;929041;4080000;0;180
57;2025-11-18;50686;39671;68400;878118;4080000;0;150
57;2025-11-18;50689;13597;68400;327002;2040000;0;11
57;2025-11-19;50681;45051;68400;1074178;4080000;1;206
57;2025-11-19;506810;34296;68400;578009;4080000;0;37
57;2025-11-19;506812;42390;68400;971341;4080000;0;86
57;2025-11-19;506813;40869;68400;910794;4080000;0;202
57;2025-11-19;506814;55381;68400;1344882;4080000;0;143
57;2025-11-19;506815;56520;68400;2333023;2400000;1;64
57;2025-11-19;506816;1158;68400;15000;4800000;0;3
57;2025-11-19;506817;1083;68400;15000;4800000;3;0
57;2025-11-19;506818;3688;68400;45001;3600000;0;13
57;2025-11-19;50683;14846;68400;312545;4080000;0;58
57;2025-11-19;50684;28253;68400;645014;4080000;0;123
57;2025-11-19;50685;41178;68400;960663;4080000;3;170
57;2025-11-19;50686;47018;68400;1032765;4080000;0;194
57;2025-11-19;50689;15455;68400;455008;2040000;0;12
57;2025-11-20;50681;18182;68400;384086;4080000;0;66
57;2025-11-20;506810;10079;68400;197002;4080000;0;8
57;2025-11-20;506812;22651;68400;518044;4080000;0;66
57;2025-11-20;506813;17366;68400;413109;4080000;0;89
57;2025-11-20;506814;21501;68400;539138;4080000;0;63
57;2025-11-20;506818;1435;68400;21001;3600000;0;5
57;2025-11-20;50683;14291;68400;304044;4080000;0;66
57;2025-11-20;50684;20506;68400;436014;4080000;0;93
57;2025-11-20;50685;19514;68400;467125;4080000;0;82
57;2025-11-20;50686;20019;68400;427031;4080000;0;58
57;2025-11-20;50689;16034;68400;332005;2040000;0;13
57;2025-11-21;50681;46830;68400;1081285;4080000;0;238
57;2025-11-21;506810;45739;68400;1001617;4080000;0;86
57;2025-11-21;506812;49819;68400;1142637;4080000;0;89
57;2025-11-21;506813;41798;68400;939790;4080000;0;205
57;2025-11-21;506814;33857;68400;642971;4080000;2;43
57;2025-11-21;506815;57900;68400;2413512;2400000;0;68
57;2025-11-21;506816;780;68400;10000;4800000;0;2
57;2025-11-21;506818;2941;68400;40001;3600000;0;12
57;2025-11-21;50683;16211;68400;376577;4080000;0;77
57;2025-11-21;50684;29900;68400;677581;4080000;0;141
57;2025-11-21;50685;29423;68400;781146;4080000;0;160
57;2025-11-21;50686;43865;68400;967593;4080000;0;197
57;2025-11-21;50689;14874;68400;338808;2040000;0;11
57;2025-11-22;50681;26169;68400;606085;4080000;0;95
57;2025-11-22;506810;29145;68400;632039;4080000;0;87
57;2025-11-22;506812;22262;68400;435523;4080000;0;37
57;2025-11-22;506813;19109;68400;407153;4080000;0;86
57;2025-11-22;506814;31345;68400;706334;4080000;0;76
57;2025-11-22;506815;21300;68400;913376;2400000;0;27
57;2025-11-22;506818;2178;68400;31000;3600000;0;9
57;2025-11-22;50683;24879;68400;558065;4080000;0;97
57;2025-11-22;50684;31527;68400;693017;4080000;0;123
57;2025-11-22;50685;4530;68400;93018;4080000;0;23
57;2025-11-22;50686;31307;68400;699557;4080000;0;114
57;2025-11-22;50689;18559;68400;405006;2040000;0;9
57;2025-11-24;50681;32724;68400;795602;4080000;1;165
57;2025-11-24;506810;47225;68400;976526;4080000;0;108
57;2025-11-24;506812;25939;68400;562518;4080000;0;36
57;2025-11-24;506813;40357;68400;877249;4080000;0;197
57;2025-11-24;506814;50910;68400;1262552;4080000;0;99
57;2025-11-24;506815;54120;68400;2207507;2400000;0;64
57;2025-11-24;506816;782;68400;10000;4800000;0;2
57;2025-11-24;506818;3923;68400;47283;3600000;2;12
57;2025-11-24;50683;21270;68400;460172;4080000;0;97
57;2025-11-24;50684;28043;68400;589092;4080000;0;125
57;2025-11-24;50685;44044;68400;1024101;4080000;1;188
57;2025-11-24;50686;45539;68400;1049099;4080000;0;177
57;2025-11-24;50689;24282;68400;462807;2040000;0;21
57;2025-11-25;50681;27641;68400;678118;4080000;0;145
57;2025-11-25;506810;41382;68400;810835;4080000;0;78
57;2025-11-25;506812;27809;68400;595011;4080000;0;31
57;2025-11-25;506813;30499;68400;672139;4080000;0;151
57;2025-11-25;506814;41382;68400;903028;4080000;0;83
57;2025-11-25;506815;51960;68400;2557366;2400000;0;72
57;2025-11-25;506818;2233;68400;25000;3600000;0;7
57;2025-11-25;50683;13313;68400;311046;4080000;0;67
57;2025-11-25;50684;10970;68400;249075;4080000;0;52
57;2025-11-25;50685;30493;68400;703136;4080000;0;150
57;2025-11-25;50686;39020;68400;844134;4080000;0;143
57;2025-11-25;50689;15455;68400;332003;2040000;0;13
57;2025-11-26;50681;34067;68400;861087;4080000;0;169
57;2025-11-26;506810;34934;68400;683625;4080000;0;76
57;2025-11-26;506812;29146;68400;713545;4080000;0;52
57;2025-11-26;506813;32530;68400;755602;4080000;0;154
57;2025-11-26;506814;54593;68400;1242038;4080000;0;96
57;2025-11-26;506815;36000;68400;1253005;2400000;0;36
57;2025-11-26;506818;5920;68400;88000;3600000;0;21
57;2025-11-26;50683;19262;68400;429055;4080000;0;76
57;2025-11-26;50684;20110;68400;464998;4080000;0;102
57;2025-11-26;50685;35249;68400;795854;4080000;0;147
57;2025-11-26;50686;41045;68400;921942;4080000;0;138
57;2025-11-26;50689;16140;68400;365008;2040000;0;9
57;2025-11-27;50681;30992;68400;720075;4080000;0;140
57;2025-11-27;506810;38636;68400;718813;4080000;0;66
57;2025-11-27;506812;29165;68400;666027;4080000;0;36
57;2025-11-27;506813;39253;68400;834287;4080000;0;185
57;2025-11-27;506814;44514;68400;1078332;4080000;0;74
57;2025-11-27;506815;38940;68400;1670703;2400000;1;48
57;2025-11-27;506816;780;68400;10000;4800000;0;2
57;2025-11-27;506817;24561;68400;43500;4800000;2;0
57;2025-11-27;506818;2092;68400;25000;3600000;0;8
57;2025-11-27;50683;11418;68400;218047;4080000;0;55
57;2025-11-27;50684;31417;68400;676196;4080000;0;151
57;2025-11-27;50685;36726;68400;893095;4080000;1;151
57;2025-11-27;50686;39789;68400;779713;4080000;0;141
57;2025-11-27;50689;22231;68400;458009;2040000;0;10
57;2025-11-28;50681;39943;68400;884110;4080000;0;186
57;2025-11-28;506810;40695;68400;777322;4080000;0;92
57;2025-11-28;506812;23209;68400;587029;4080000;0;52
57;2025-11-28;506813;37736;68400;889738;4080000;0;180
57;2025-11-28;506814;43043;68400;964982;4080000;0;122
57;2025-11-28;506815;49920;68400;2121829;2400000;1;61
57;2025-11-28;506816;404;68400;5000;4800000;0;1
57;2025-11-28;506817;2268;68400;15000;4800000;3;0
57;2025-11-28;506818;2522;68400;34500;3600000;0;9
57;2025-11-28;50683;16399;68400;357042;4080000;0;68
57;2025-11-28;50684;16899;68400;352034;4080000;1;88
57;2025-11-28;50685;34692;68400;858390;4080000;0;188
57;2025-11-28;50686;47773;68400;1048556;4080000;0;160
57;2025-11-28;50689;27363;68400;607012;2040000;0;19
57;2025-11-29;50681;15642;68400;313582;4080000;0;32
57;2025-11-29;506810;29201;68400;624026;4080000;0;54
57;2025-11-29;506812;19773;68400;432506;4080000;0;17
57;2025-11-29;506813;25558;68400;558085;4080000;0;115
57;2025-11-29;506814;36251;68400;841322;4080000;0;89
57;2025-11-29;506815;19560;68400;809543;2400000;0;24
57;2025-11-29;506817;6627;68400;15000;4800000;3;0
57;2025-11-29;506818;2019;68400;28001;3600000;0;8
57;2025-11-29;50683;12091;68400;302055;4080000;0;66
57;2025-11-29;50684;28440;68400;637098;4080000;0;111
57;2025-11-29;50685;31500;68400;723633;4080000;0;150
57;2025-11-29;50686;31352;68400;696079;4080000;1;126
57;2025-11-29;50689;18194;68400;364804;2040000;0;14
69;2025-11-01;508010;16435;75600;258029;2280000;1;37
69;2025-11-01;508011;33464;75600;506975;2280000;0;50
69;2025-11-01;508012;16581;75600;307000;4050000;0;26
69;2025-11-01;508013;9738;75600;92001;4050000;0;8
69;2025-11-01;508015;25200;75600;453940;1350000;0;11
69;2025-11-01;508016;13020;75600;250827;1350000;0;5
69;2025-11-01;508017;-219900;75600;619717;1350000;3;8
69;2025-11-01;50802;13421;75600;187994;1140000;0;15
69;2025-11-01;50803;22075;75600;511986;2280000;0;17
69;2025-11-01;50804;25246;75600;424911;2280000;0;56
69;2025-11-01;50805;25343;75600;426090;2280000;0;39
69;2025-11-01;50806;37203;75600;641999;2280000;0;67
69;2025-11-01;50807;39215;75600;774106;2280000;0;114
69;2025-11-01;50808;38689;75600;539999;2280000;0;80
69;2025-11-01;50809;36425;75600;716196;2280000;0;106
69;2025-11-02;508010;6319;75600;90000;2280000;0;11
69;2025-11-02;508011;2842;75600;28128;2280000;3;5
69;2025-11-02;508012;3821;75600;62000;4050000;0;2
69;2025-11-02;508015;4080;75600;57248;1350000;0;1
69;2025-11-02;508016;3060;75600;61408;1350000;1;1
69;2025-11-02;508017;13080;75600;181490;1350000;0;3
69;2025-11-02;50802;3862;75600;65999;1140000;0;3
69;2025-11-02;50804;3853;75600;70000;2280000;0;6
69;2025-11-02;50805;2505;75600;45000;2280000;0;4
69;2025-11-02;50806;9701;75600;147003;2280000;0;12
69;2025-11-02;50807;8173;75600;138001;2280000;0;7
69;2025-11-02;50808;10378;75600;153999;2280000;0;22
69;2025-11-02;50809;4645;75600;67012;2280000;0;3
69;2025-11-03;508010;17969;75600;244998;2280000;0;26
69;2025-11-03;508011;44745;75600;621257;2280000;1;66
69;2025-11-03;508012;20203;75600;309000;4050000;0;24
69;2025-11-03;508013;17561;75600;162998;4050000;0;16
69;2025-11-03;508015;31020;75600;497296;1350000;1;9
69;2025-11-03;508016;26700;75600;468533;1350000;0;8
69;2025-11-03;508017;31980;75600;607371;1350000;1;10
69;2025-11-03;50802;9819;75600;156995;1140000;0;18
69;2025-11-03;50803;24127;75600;509930;2280000;0;14
69;2025-11-03;50804;29892;75600;478645;2280000;2;61
69;2025-11-03;50805;33068;75600;478385;2280000;0;73
69;2025-11-03;50806;52584;75600;739989;2280000;0;73
69;2025-11-03;50807;40657;75600;703077;2280000;4;139
69;2025-11-03;50808;41877;75600;600092;2280000;0;94
69;2025-11-03;50809;46849;75600;862062;2280000;1;123
69;2025-11-04;508010;23539;75600;370001;2280000;0;31
69;2025-11-04;508011;28043;75600;407003;2280000;0;37
69;2025-11-04;508012;13435;75600;219982;4050000;0;12
69;2025-11-04;508013;14101;75600;192001;4050000;0;9
69;2025-11-04;508015;35880;75600;594991;1350000;2;12
69;2025-11-04;508016;23220;75600;454966;1350000;0;8
69;2025-11-04;508017;30660;75600;473606;1350000;0;10
69;2025-11-04;50802;13909;75600;204810;1140000;2;17
69;2025-11-04;50803;13640;75600;377005;2280000;0;13
69;2025-11-04;50804;34904;75600;549292;2280000;0;60
69;2025-11-04;50805;50064;75600;785770;2280000;1;73
69;2025-11-04;50806;59640;75600;878643;2280000;0;73
69;2025-11-04;50807;45775;75600;812067;2280000;0;126
69;2025-11-04;50808;40041;75600;593058;2280000;1;86
69;2025-11-04;50809;34984;75600;720178;2280000;0;100
69;2025-11-05;508010;39958;75600;624230;2280000;1;84
69;2025-11-05;508011;27886;75600;456999;2280000;0;26
69;2025-11-05;508012;24028;75600;321001;4050000;0;31
69;2025-11-05;508013;3172;75600;27001;4050000;0;5
69;2025-11-05;508015;38280;75600;610829;1350000;0;12
69;2025-11-05;508016;28140;75600;516638;1350000;0;9
69;2025-11-05;508017;44520;75600;657724;1350000;0;12
69;2025-11-05;50802;27213;75600;275503;1140000;0;21
69;2025-11-05;50803;39100;75600;951243;2280000;0;33
69;2025-11-05;50804;35531;75600;526726;2280000;0;55
69;2025-11-05;50805;48947;75600;852290;2280000;0;93
69;2025-11-05;50806;62568;75600;871989;2280000;0;87
69;2025-11-05;50807;45760;75600;811206;2280000;0;115
69;2025-11-05;50808;50704;75600;713406;2280000;6;86
69;2025-11-05;50809;40416;75600;734077;2280000;0;90
69;2025-11-06;508010;20831;75600;372118;2280000;0;35
69;2025-11-06;508011;32834;75600;449318;2280000;6;44
69;2025-11-06;508012;8062;75600;127070;4050000;1;10
69;2025-11-06;508013;10128;75600;112998;4050000;0;9
69;2025-11-06;508015;31020;75600;488642;1350000;0;9
69;2025-11-06;508016;19500;75600;349992;1350000;0;6
69;2025-11-06;508017;39960;75600;623410;1350000;1;11
69;2025-11-06;50802;17181;75600;275995;1140000;0;13
69;2025-11-06;50803;25984;75600;617357;2280000;2;22
69;2025-11-06;50804;30275;75600;497289;2280000;2;65
69;2025-11-06;50805;34398;75600;653632;2280000;1;80
69;2025-11-06;50806;41047;75600;701033;2280000;0;78
69;2025-11-06;50807;41746;75600;767036;2280000;0;115
69;2025-11-06;50808;34694;75600;598245;2280000;5;58
69;2025-11-06;50809;32018;75600;458295;2280000;5;73
69;2025-11-07;508010;13933;75600;211031;2280000;2;27
69;2025-11-07;508011;33451;75600;547128;2280000;4;27
69;2025-11-07;508012;22653;75600;324001;4050000;0;29
69;2025-11-07;508013;12780;75600;108001;4050000;0;10
69;2025-11-07;508014;0;75600;191973;2280000;1;0
69;2025-11-07;508015;41580;75600;697786;1350000;0;19
69;2025-11-07;508016;21960;75600;399993;1350000;0;7
69;2025-11-07;508017;38280;75600;623494;1350000;0;13
69;2025-11-07;50802;24395;75600;370999;1140000;0;16
69;2025-11-07;50803;22454;75600;484117;2280000;2;16
69;2025-11-07;50804;42845;75600;609406;2280000;0;81
69;2025-11-07;50805;43818;75600;768154;2280000;1;118
69;2025-11-07;50806;55383;75600;782675;2280000;11;83
69;2025-11-07;50807;39235;75600;691283;2280000;4;107
69;2025-11-07;50808;44269;75600;671435;2280000;0;106
69;2025-11-07;50809;41786;75600;748251;2280000;0;114
69;2025-11-08;508010;20980;75600;326848;2280000;0;45
69;2025-11-08;508011;34362;75600;375282;2280000;3;32
69;2025-11-08;508012;21391;75600;240001;4050000;0;26
69;2025-11-08;508013;16354;75600;199000;4050000;0;10
69;2025-11-08;508014;0;75600;182331;2280000;1;0
69;2025-11-08;508015;28860;75600;591208;1350000;0;20
69;2025-11-08;508016;17700;75600;308238;1350000;0;6
69;2025-11-08;508017;29760;75600;549897;1350000;0;15
69;2025-11-08;50802;15630;75600;234995;1140000;0;20
69;2025-11-08;50803;34667;75600;797331;2280000;0;27
69;2025-11-08;50804;33875;75600;526890;2280000;1;47
69;2025-11-08;50805;40139;75600;618084;2280000;0;73
69;2025-11-08;50806;50988;75600;641146;2280000;0;63
69;2025-11-08;50807;40231;75600;648111;2280000;6;87
69;2025-11-08;50808;42058;75600;510136;2280000;4;74
69;2025-11-08;50809;44694;75600;568180;2280000;0;61
69;2025-11-09;508010;349;75600;5002;2280000;0;1
69;2025-11-09;508011;8465;75600;83100;2280000;0;5
69;2025-11-09;508013;3546;75600;19896;4050000;0;4
69;2025-11-09;508015;3360;75600;60014;1350000;2;0
69;2025-11-09;50802;4334;75600;65002;1140000;0;5
69;2025-11-09;50803;6524;75600;180006;2280000;0;7
69;2025-11-09;50804;12111;75600;139176;2280000;0;12
69;2025-11-09;50805;9259;75600;165000;2280000;0;7
69;2025-11-09;50806;13245;75600;173142;2280000;0;11
69;2025-11-09;50807;7607;75600;114998;2280000;0;12
69;2025-11-09;50808;13202;75600;204039;2280000;2;17
69;2025-11-09;50809;14939;75600;130044;2280000;6;7
69;2025-11-10;508010;14402;75600;178082;2280000;2;29
69;2025-11-10;508011;23546;75600;404001;2280000;0;48
69;2025-11-10;508012;17907;75600;338100;4050000;0;30
69;2025-11-10;508013;16115;75600;205999;4050000;0;19
69;2025-11-10;508015;37800;75600;564342;1350000;1;13
69;2025-11-10;508016;27000;75600;543997;1350000;0;9
69;2025-11-10;508017;40140;75600;692548;1350000;1;15
69;2025-11-10;50802;24012;75600;379997;1140000;0;14
69;2025-11-10;50803;20879;75600;495192;2280000;0;18
69;2025-11-10;50804;18965;75600;315190;2280000;0;31
69;2025-11-10;50805;39770;75600;663646;2280000;2;74
69;2025-11-10;50806;43277;75600;751977;2280000;0;77
69;2025-11-10;50807;38446;75600;753944;2280000;0;102
69;2025-11-10;50808;36859;75600;664182;2280000;0;92
69;2025-11-10;50809;36626;75600;764183;2280000;1;127
69;2025-11-11;508010;26878;75600;419201;2280000;0;50
69;2025-11-11;508011;30933;75600;460001;2280000;0;36
69;2025-11-11;508012;17168;75600;222001;4050000;0;16
69;2025-11-11;508013;20746;75600;241001;4050000;0;9
69;2025-11-11;508015;30840;75600;565259;1350000;0;15
69;2025-11-11;508016;22140;75600;315502;1350000;0;7
69;2025-11-11;508017;32520;75600;449454;1350000;0;11
69;2025-11-11;50802;17864;75600;282991;1140000;0;17
69;2025-11-11;50803;26984;75600;602246;2280000;0;21
69;2025-11-11;50804;12302;75600;143547;2280000;0;27
69;2025-11-11;50805;57194;75600;932705;2280000;5;111
69;2025-11-11;50806;59813;75600;859918;2280000;0;70
69;2025-11-11;50807;41995;75600;823313;2280000;3;120
69;2025-11-11;50808;44553;75600;649331;2280000;1;106
69;2025-11-11;50809;37852;75600;548059;2280000;4;61
69;2025-11-12;508010;32085;75600;568359;2280000;0;81
69;2025-11-12;508011;37560;75600;599500;2280000;0;45
69;2025-11-12;508012;9660;75600;155999;4050000;0;17
69;2025-11-12;508013;17905;75600;125436;4050000;0;15
69;2025-11-12;508015;27180;75600;452026;1350000;0;9
69;2025-11-12;508016;27000;75600;471859;1350000;0;8
69;2025-11-12;508017;28200;75600;395576;1350000;0;8
69;2025-11-12;50802;14296;75600;196511;1140000;0;23
69;2025-11-12;50803;29409;75600;720063;2280000;1;23
69;2025-11-12;50804;25013;75600;386250;2280000;0;50
69;2025-11-12;50805;48641;75600;811040;2280000;0;133
69;2025-11-12;50806;46624;75600;826470;2280000;0;81
69;2025-11-12;50807;45839;75600;925961;2280000;0;122
69;2025-11-12;50808;54541;75600;925585;2280000;3;135
69;2025-11-12;50809;32064;75600;558632;2280000;2;67
69;2025-11-13;508010;18087;75600;262684;2280000;2;36
69;2025-11-13;508011;29437;75600;471126;2280000;2;38
69;2025-11-13;508012;10937;75600;166000;4050000;0;19
69;2025-11-13;508013;10292;75600;128000;4050000;0;11
69;2025-11-13;508015;37800;75600;671563;1350000;1;16
69;2025-11-13;508016;13860;75600;225025;1350000;0;4
69;2025-11-13;508017;24300;75600;340621;1350000;0;7
69;2025-11-13;50802;17272;75600;263994;1140000;0;13
69;2025-11-13;50803;25323;75600;632423;2280000;0;26
69;2025-11-13;50804;27157;75600;414139;2280000;0;30
69;2025-11-13;50805;37326;75600;654643;2280000;1;95
69;2025-11-13;50806;50895;75600;759533;2280000;0;93
69;2025-11-13;50807;35694;75600;582391;2280000;3;105
69;2025-11-13;50808;52651;75600;769060;2280000;0;118
69;2025-11-13;50809;30091;75600;433133;2280000;4;65
69;2025-11-14;508010;19279;75600;324527;2280000;0;52
69;2025-11-14;508011;21386;75600;342085;2280000;0;39
69;2025-11-14;508012;12602;75600;218000;4050000;0;19
69;2025-11-14;508013;13544;75600;160241;4050000;1;12
69;2025-11-14;508015;35160;75600;546681;1350000;0;10
69;2025-11-14;508016;30180;75600;509524;1350000;0;11
69;2025-11-14;508017;44340;75600;708030;1350000;1;13
69;2025-11-14;50802;16150;75600;227003;1140000;0;13
69;2025-11-14;50803;24039;75600;655137;2280000;0;22
69;2025-11-14;50804;30153;75600;435782;2280000;0;58
69;2025-11-14;50805;44466;75600;777921;2280000;3;119
69;2025-11-14;50806;54985;75600;861840;2280000;1;102
69;2025-11-14;50807;46544;75600;942178;2280000;1;134
69;2025-11-14;50808;48857;75600;761632;2280000;0;97
69;2025-11-14;50809;46355;75600;891631;2280000;0;110
69;2025-11-15;508010;18170;75600;249246;2280000;0;22
69;2025-11-15;508011;19448;75600;340117;2280000;0;32
69;2025-11-15;508012;17211;75600;271000;4050000;0;30
69;2025-11-15;508013;7122;75600;67976;4050000;0;5
69;2025-11-15;508015;17220;75600;247245;1350000;1;5
69;2025-11-15;508016;25980;75600;335411;1350000;0;6
69;2025-11-15;508017;36000;75600;576144;1350000;0;11
69;2025-11-15;50802;16622;75600;245496;1140000;0;20
69;2025-11-15;50803;30504;75600;609226;2280000;0;24
69;2025-11-15;50804;14623;75600;189057;2280000;0;29
69;2025-11-15;50805;35405;75600;562394;2280000;2;81
69;2025-11-15;50806;29764;75600;478966;2280000;0;55
69;2025-11-15;50807;34804;75600;630127;2280000;0;106
69;2025-11-15;50808;29621;75600;515182;2280000;0;63
69;2025-11-15;50809;32809;75600;615334;2280000;0;76
69;2025-11-16;508011;4571;75600;55000;2280000;0;4
69;2025-11-16;508012;4931;75600;62000;4050000;0;2
69;2025-11-16;50802;2547;75600;35000;1140000;0;4
69;2025-11-16;50803;7142;75600;165072;2280000;0;6
69;2025-11-16;50804;8391;75600;133003;2280000;0;9
69;2025-11-16;50805;11366;75600;226131;2280000;0;13
69;2025-11-16;50806;18496;75600;266006;2280000;0;15
69;2025-11-16;50807;7066;75600;107101;2280000;0;12
69;2025-11-16;50808;3381;75600;30026;2280000;0;3
69;2025-11-16;50809;6236;75600;90058;2280000;1;7
69;2025-11-17;508010;27903;75600;396606;2280000;0;51
69;2025-11-17;508011;28966;75600;435000;2280000;0;40
69;2025-11-17;508012;11670;75600;216001;4050000;0;21
69;2025-11-17;508013;17254;75600;240001;4050000;0;27
69;2025-11-17;508015;32520;75600;542512;1350000;0;10
69;2025-11-17;508016;37800;75600;583106;1350000;0;10
69;2025-11-17;508017;42060;75600;665938;1350000;0;12
69;2025-11-17;50802;11664;75600;159676;1140000;0;22
69;2025-11-17;50803;20118;75600;462423;2280000;2;18
69;2025-11-17;50804;20003;75600;350401;2280000;3;36
69;2025-11-17;50805;40228;75600;747594;2280000;0;99
69;2025-11-17;50806;40523;75600;705505;2280000;0;73
69;2025-11-17;50807;44435;75600;865196;2280000;2;139
69;2025-11-17;50808;41026;75600;685007;2280000;0;103
69;2025-11-17;50809;40777;75600;661725;2280000;7;72
69;2025-11-18;508010;23349;75600;306174;2280000;0;38
69;2025-11-18;508011;32537;75600;531993;2280000;0;58
69;2025-11-18;508012;11940;75600;205000;4050000;0;21
69;2025-11-18;508013;17243;75600;185000;4050000;0;12
69;2025-11-18;508015;29340;75600;485765;1350000;0;10
69;2025-11-18;508016;29280;75600;493534;1350000;0;9
69;2025-11-18;508017;35520;75600;589909;1350000;0;13
69;2025-11-18;50802;11694;75600;183002;1140000;0;15
69;2025-11-18;50803;29706;75600;625505;2280000;0;26
69;2025-11-18;50804;17002;75600;290794;2280000;1;41
69;2025-11-18;50805;34591;75600;630167;2280000;2;66
69;2025-11-18;50806;49804;75600;799450;2280000;0;80
69;2025-11-18;50807;34128;75600;647064;2280000;3;103
69;2025-11-18;50808;42870;75600;694750;2280000;0;95
69;2025-11-18;50809;38478;75600;755277;2280000;1;104
69;2025-11-19;508010;28580;75600;501126;2280000;0;77
69;2025-11-19;508011;40217;75600;611500;2280000;0;57
69;2025-11-19;508012;27308;75600;373015;4050000;0;44
69;2025-11-19;508013;9006;75600;100998;4050000;0;18
69;2025-11-19;508015;10260;75600;167507;1350000;0;4
69;2025-11-19;508016;30360;75600;454555;1350000;0;8
69;2025-11-19;508017;35820;75600;556868;1350000;0;11
69;2025-11-19;50802;21279;75600;324034;1140000;3;24
69;2025-11-19;50803;39132;75600;813874;2280000;0;25
69;2025-11-19;50804;32634;75600;584806;2280000;1;55
69;2025-11-19;50805;54697;75600;836753;2280000;4;138
69;2025-11-19;50806;51059;75600;857210;2280000;1;75
69;2025-11-19;50807;56040;75600;1044670;2280000;0;153
69;2025-11-19;50808;47073;75600;767282;2280000;2;115
69;2025-11-19;50809;28780;75600;438986;2280000;2;38
69;2025-11-20;508010;14468;75600;269968;2280000;2;20
69;2025-11-20;508011;15302;75600;247000;2280000;0;20
69;2025-11-20;508012;7018;75600;133019;4050000;0;11
69;2025-11-20;508013;12056;75600;134500;4050000;0;8
69;2025-11-20;508015;22140;75600;358044;1350000;0;7
69;2025-11-20;508016;26460;75600;492484;1350000;0;8
69;2025-11-20;508017;35460;75600;557793;1350000;0;13
69;2025-11-20;50802;9716;75600;134993;1140000;0;16
69;2025-11-20;50804;13170;75600;223053;2280000;0;22
69;2025-11-20;50805;25184;75600;460035;2280000;0;60
69;2025-11-20;50806;25659;75600;407996;2280000;0;28
69;2025-11-20;50807;28608;75600;523036;2280000;0;80
69;2025-11-20;50808;23811;75600;317005;2280000;0;58
69;2025-11-20;50809;10724;75600;172189;2280000;0;12
69;2025-11-21;508010;36257;75600;619483;2280000;1;90
69;2025-11-21;508011;27857;75600;454002;2280000;0;54
69;2025-11-21;508012;14928;75600;260078;4050000;0;17
69;2025-11-21;508013;4668;75600;50000;4050000;0;10
69;2025-11-21;508015;37980;75600;562068;1350000;0;10
69;2025-11-21;508016;35520;75600;543710;1350000;0;10
69;2025-11-21;508017;42480;75600;571073;1350000;0;10
69;2025-11-21;50802;11246;75600;170003;1140000;0;15
69;2025-11-21;50803;37396;75600;777059;2280000;0;28
69;2025-11-21;50804;21920;75600;369598;2280000;0;51
69;2025-11-21;50805;45040;75600;915257;2280000;0;104
69;2025-11-21;50806;40612;75600;703084;2280000;0;77
69;2025-11-21;50807;48866;75600;956593;2280000;0;141
69;2025-11-21;50808;49001;75600;812966;2280000;1;107
69;2025-11-21;50809;29880;75600;579940;2280000;0;71
69;2025-11-22;508010;16694;75600;175121;2280000;0;25
69;2025-11-22;508011;27720;75600;459201;2280000;0;36
69;2025-11-22;508012;25684;75600;385140;4050000;0;28
69;2025-11-22;508013;9722;75600;122001;4050000;0;10
69;2025-11-22;508015;18240;75600;303468;1350000;0;6
69;2025-11-22;508016;9840;75600;166861;1350000;0;3
69;2025-11-22;508017;32700;75600;521908;1350000;0;10
69;2025-11-22;50802;15163;75600;228500;1140000;0;19
69;2025-11-22;50803;23010;75600;392128;2280000;0;14
69;2025-11-22;50804;20834;75600;374558;2280000;0;40
69;2025-11-22;50805;35920;75600;762007;2280000;0;72
69;2025-11-22;50806;40674;75600;719113;2280000;0;58
69;2025-11-22;50807;15236;75600;276995;2280000;0;46
69;2025-11-22;50808;36852;75600;584266;2280000;0;84
69;2025-11-22;50809;32489;75600;514982;2280000;5;81
69;2025-11-23;508011;2610;75600;45000;2280000;0;4
69;2025-11-23;508012;1294;75600;22019;4050000;0;4
69;2025-11-23;508013;1631;75600;15000;4050000;0;3
69;2025-11-23;508016;3060;75600;60100;1350000;0;1
69;2025-11-23;508017;2760;75600;59879;1350000;0;2
69;2025-11-23;50802;489;75600;7000;1140000;0;1
69;2025-11-23;50803;11661;75600;257088;2280000;0;8
69;2025-11-23;50804;2024;75600;45000;2280000;0;1
69;2025-11-23;50805;6129;75600;112065;2280000;0;14
69;2025-11-23;50806;9856;75600;209050;2280000;0;14
69;2025-11-23;50808;6118;75600;97013;2280000;2;16
69;2025-11-23;50809;2992;75600;64996;2280000;0;3
69;2025-11-24;508010;26785;75600;475591;2280000;1;67
69;2025-11-24;508011;29252;75600;490000;2280000;0;38
69;2025-11-24;508012;10003;75600;185133;4050000;0;17
69;2025-11-24;508013;1235;75600;20000;4050000;0;3
69;2025-11-24;508015;35040;75600;491200;1350000;0;11
69;2025-11-24;508016;39180;75600;717091;1350000;0;13
69;2025-11-24;508017;46320;75600;726984;1350000;2;15
69;2025-11-24;50802;8074;75600;109496;1140000;0;17
69;2025-11-24;50803;39385;75600;821528;2280000;3;28
69;2025-11-24;50804;18244;75600;317300;2280000;1;33
69;2025-11-24;50805;34409;75600;629122;2280000;0;95
69;2025-11-24;50806;43181;75600;834988;2280000;0;75
69;2025-11-24;50807;21439;75600;414512;2280000;0;52
69;2025-11-24;50808;36722;75600;587649;2280000;2;74
69;2025-11-24;50809;34719;75600;640103;2280000;1;93
69;2025-11-25;508010;33053;75600;522702;2280000;5;54
69;2025-11-25;508011;28851;75600;506640;2280000;0;38
69;2025-11-25;508012;13761;75600;222520;4050000;0;21
69;2025-11-25;508013;11120;75600;130999;4050000;0;8
69;2025-11-25;508015;15180;75600;282718;1350000;0;9
69;2025-11-25;508016;29880;75600;585558;1350000;0;11
69;2025-11-25;508017;36120;75600;621056;1350000;0;14
69;2025-11-25;50802;15656;75600;206994;1140000;0;17
69;2025-11-25;50803;24270;75600;529195;2280000;0;19
69;2025-11-25;50804;19297;75600;317909;2280000;5;43
69;2025-11-25;50805;41203;75600;752352;2280000;0;94
69;2025-11-25;50806;45688;75600;799866;2280000;0;62
69;2025-11-25;50807;44120;75600;830384;2280000;1;110
69;2025-11-25;50808;41284;75600;632557;2280000;1;99
69;2025-11-25;50809;43250;75600;856874;2280000;1;142
69;2025-11-26;508010;12073;75600;193164;2280000;0;34
69;2025-11-26;508011;29217;75600;455000;2280000;1;47
69;2025-11-26;508012;8959;75600;150000;4050000;0;10
69;2025-11-26;508013;15277;75600;199003;4050000;0;9
69;2025-11-26;508015;31800;75600;454526;1350000;1;8
69;2025-11-26;508016;34320;75600;592093;1350000;0;12
69;2025-11-26;508017;43860;75600;680571;1350000;0;15
69;2025-11-26;50802;11243;75600;153498;1140000;0;26
69;2025-11-26;50803;19081;75600;437167;2280000;0;15
69;2025-11-26;50804;17034;75600;260000;2280000;0;30
69;2025-11-26;50805;33948;75600;501014;2280000;0;71
69;2025-11-26;50806;43268;75600;758214;2280000;1;73
69;2025-11-26;50807;45153;75600;767664;2280000;2;120
69;2025-11-26;50808;23290;75600;380244;2280000;3;37
69;2025-11-26;50809;39748;75600;709217;2280000;0;88
69;2025-11-27;508010;18526;75600;297084;2280000;0;41
69;2025-11-27;508011;31484;75600;508214;2280000;0;46
69;2025-11-27;508012;13677;75600;257000;4050000;0;22
69;2025-11-27;508013;7016;75600;87000;4050000;0;17
69;2025-11-27;508015;22500;75600;341651;1350000;0;6
69;2025-11-27;508016;29880;75600;547624;1350000;0;10
69;2025-11-27;508017;47340;75600;728623;1350000;1;14
69;2025-11-27;50802;6296;75600;85993;1140000;0;13
69;2025-11-27;50803;11718;75600;302118;2280000;0;14
69;2025-11-27;50804;19605;75600;299500;2280000;0;34
69;2025-11-27;50805;39633;75600;666093;2280000;0;102
69;2025-11-27;50806;46855;75600;949977;2280000;0;70
69;2025-11-27;50807;41303;75600;747191;2280000;0;115
69;2025-11-27;50808;31522;75600;584114;2280000;0;75
69;2025-11-27;50809;35806;75600;711258;2280000;0;107
69;2025-11-28;508010;29629;75600;461032;2280000;2;74
69;2025-11-28;508011;36189;75600;578998;2280000;0;50
69;2025-11-28;508012;13373;75600;224500;4050000;0;12
69;2025-11-28;508013;3216;75600;39499;4050000;0;8
69;2025-11-28;508015;23940;75600;385875;1350000;1;9
69;2025-11-28;508016;30300;75600;618063;1350000;0;11
69;2025-11-28;508017;41220;75600;652065;1350000;0;15
69;2025-11-28;50802;18170;75600;301497;1140000;0;29
69;2025-11-28;50803;32805;75600;829508;2280000;2;29
69;2025-11-28;50804;28882;75600;510568;2280000;5;47
69;2025-11-28;50805;43988;75600;705091;2280000;2;115
69;2025-11-28;50806;47560;75600;788656;2280000;0;81
69;2025-11-28;50807;49180;75600;957046;2280000;0;144
69;2025-11-28;50808;38653;75600;653028;2280000;0;91
69;2025-11-28;50809;34455;75600;724188;2280000;0;103
69;2025-11-29;508010;27122;75600;342983;2280000;0;44
69;2025-11-29;508011;27354;75600;460315;2280000;0;53
69;2025-11-29;508012;13646;75600;249950;4050000;0;21
69;2025-11-29;508013;9880;75600;96000;4050000;0;10
69;2025-11-29;508015;9540;75600;166463;1350000;0;3
69;2025-11-29;508016;25500;75600;453377;1350000;0;9
69;2025-11-29;508017;30660;75600;548244;1350000;0;11
69;2025-11-29;50802;22733;75600;339998;1140000;0;16
69;2025-11-29;50803;22366;75600;600216;2280000;0;24
69;2025-11-29;50804;26195;75600;416050;2280000;0;44
69;2025-11-29;50805;40576;75600;806063;2280000;0;94
69;2025-11-29;50806;38879;75600;689980;2280000;0;75
69;2025-11-29;50807;39134;75600;748022;2280000;0;99
69;2025-11-29;50808;30697;75600;549027;2280000;0;82
69;2025-11-29;50809;32983;75600;675334;2280000;2;90
69;2025-11-30;508011;7617;75600;124000;2280000;0;4
69;2025-11-30;508012;2700;75600;54000;4050000;0;3
69;2025-11-30;508013;1357;75600;18000;4050000;0;2
69;2025-11-30;508017;2700;75600;45091;1350000;0;1
69;2025-11-30;50802;8194;75600;119000;1140000;0;5
69;2025-11-30;50803;9991;75600;225322;2280000;0;11
69;2025-11-30;50804;4719;75600;90200;2280000;0;9
69;2025-11-30;50805;1776;75600;14358;2280000;0;5
69;2025-11-30;50806;13655;75600;256999;2280000;0;16
69;2025-11-30;50807;4305;75600;86000;2280000;0;4
69;2025-11-30;50808;5712;75600;99001;2280000;0;11
69;2025-11-30;50809;6098;75600;120646;2280000;0;13
80;2025-11-01;50911;16897;72000;330974;2160000;8;44
80;2025-11-01;50912;10964;72000;177019;2160000;0;26
80;2025-11-01;50914;12093;72000;337011;2160000;0;23
80;2025-11-03;50911;23816;72000;436970;2160000;0;52
80;2025-11-03;50912;27764;72000;559081;2160000;1;83
80;2025-11-03;50914;19714;72000;397030;2160000;0;29
80;2025-11-04;50911;8012;72000;135004;2160000;3;24
80;2025-11-04;50912;21875;72000;373023;2160000;7;46
80;2025-11-04;50914;17070;72000;344649;2160000;5;32
80;2025-11-05;50911;17992;72000;305010;2160000;0;42
80;2025-11-05;50912;30537;72000;617038;2160000;0;67
80;2025-11-05;50914;21192;72000;458085;2160000;0;42
80;2025-11-06;50911;17673;72000;310037;2160000;0;64
80;2025-11-06;50912;25756;72000;580108;2160000;2;51
80;2025-11-06;50914;14389;72000;271013;2160000;0;38
80;2025-11-07;50911;18560;72000;340030;2160000;0;51
80;2025-11-07;50912;23329;72000;467028;2160000;0;70
80;2025-11-07;50914;14828;72000;306001;2160000;11;25
80;2025-11-08;50911;13934;72000;321018;2160000;0;33
80;2025-11-08;50912;15081;72000;316033;2160000;0;47
80;2025-11-08;50914;15738;72000;361021;2160000;0;28
80;2025-11-10;50911;19780;72000;361032;2160000;0;63
80;2025-11-10;50912;20919;72000;379051;2160000;1;59
80;2025-11-10;50913;2039;72000;49999;2160000;0;1
80;2025-11-10;50914;15085;72000;311068;2160000;1;26
80;2025-11-11;50911;20829;72000;372037;2160000;2;51
80;2025-11-11;50912;22547;72000;441041;2160000;0;62
80;2025-11-11;50913;3547;72000;67000;2160000;0;2
80;2025-11-11;50914;19722;72000;417019;2160000;0;28
80;2025-11-12;50911;24209;72000;451044;2160000;0;59
80;2025-11-12;50912;19080;72000;350083;2160000;0;50
80;2025-11-12;50913;2047;72000;50000;2160000;0;1
80;2025-11-12;50914;17455;72000;331080;2160000;0;22
80;2025-11-13;50911;20147;72000;372016;2160000;0;54
80;2025-11-13;50912;26154;72000;526133;2160000;0;50
80;2025-11-13;50914;16278;72000;299198;2160000;0;21
80;2025-11-14;50911;12599;72000;214884;2160000;0;44
80;2025-11-14;50912;28076;72000;598133;2160000;0;80
80;2025-11-14;50914;21323;72000;484093;2160000;2;30
80;2025-11-15;50911;7971;72000;140002;2160000;0;24
80;2025-11-15;50912;17529;72000;402097;2160000;0;38
80;2025-11-15;50914;11495;72000;254001;2160000;0;9
80;2025-11-17;50911;24875;72000;455026;2160000;4;63
80;2025-11-17;50912;26295;72000;576046;2160000;0;64
80;2025-11-17;50914;28570;72000;633032;2160000;0;39
80;2025-11-18;50911;17890;72000;290015;2160000;0;55
80;2025-11-18;50912;15115;72000;287028;2160000;0;37
80;2025-11-18;50914;16909;72000;425009;2160000;0;24
80;2025-11-19;50911;19053;72000;326039;2160000;0;66
80;2025-11-19;50912;32887;72000;700063;2160000;0;54
80;2025-11-19;50914;20238;72000;466107;2160000;0;41
80;2025-11-21;50911;24661;72000;447544;2160000;5;66
80;2025-11-21;50912;28584;72000;614538;2160000;0;64
80;2025-11-21;50913;3251;72000;79000;2160000;0;2
80;2025-11-21;50914;24699;72000;543095;2160000;4;36
80;2025-11-22;50911;17875;72000;363023;2160000;0;44
80;2025-11-22;50912;10685;72000;185023;2160000;0;37
80;2025-11-22;50914;6918;72000;140066;2160000;1;9
80;2025-11-24;50911;21249;72000;378050;2160000;0;56
80;2025-11-24;50912;26275;72000;524107;2160000;0;59
80;2025-11-24;50913;2040;72000;50000;2160000;0;1
80;2025-11-24;50914;15673;72000;307144;2160000;2;21
80;2025-11-25;50911;20229;72000;389021;2160000;0;63
80;2025-11-25;50912;18973;72000;351041;2160000;0;51
80;2025-11-25;50914;14010;72000;332572;2160000;0;13
80;2025-11-26;50911;24341;72000;449950;2160000;0;54
80;2025-11-26;50912;21101;72000;414044;2160000;0;64
80;2025-11-26;50914;19169;72000;428649;2160000;1;22
80;2025-11-27;50911;19317;72000;305013;2160000;0;52
80;2025-11-27;50912;22400;72000;464033;2160000;0;52
80;2025-11-27;50914;13770;72000;306016;2160000;0;19
80;2025-11-28;50911;24329;72000;429045;2160000;0;68
80;2025-11-28;50912;22965;72000;511033;2160000;0;55
80;2025-11-28;50914;13403;72000;295009;2160000;0;12
80;2025-11-29;50911;14546;72000;279014;2160000;0;33
80;2025-11-29;50912;14577;72000;253808;2160000;3;25
80;2025-11-29;50913;2048;72000;50000;2160000;0;1
80;2025-11-29;50914;10200;72000;212107;2160000;4;27
84;2025-11-01;50951;15493;75600;358070;2280000;0;71
84;2025-11-01;509510;13656;75600;271014;2280000;0;50
84;2025-11-01;509512;3900;75600;61932;2280000;0;1
84;2025-11-01;509513;2340;75600;301260;2280000;0;1
84;2025-11-01;50952;21238;75600;504067;2280000;0;88
84;2025-11-01;509520;14791;75600;293993;5400000;0;44
84;2025-11-01;509521;27065;75600;616893;5400000;0;85
84;2025-11-01;50953;23141;75600;510007;2280000;0;91
84;2025-11-01;50954;24609;75600;561025;2280000;0;112
84;2025-11-01;50955;25350;75600;561079;4050000;0;103
84;2025-11-01;50956;4826;75600;60007;2280000;0;14
84;2025-11-01;50957;7251;75600;156990;4050000;0;32
84;2025-11-01;50958;12539;75600;303010;2280000;0;32
84;2025-11-02;50951;14224;75600;292005;2280000;0;8
84;2025-11-02;50956;3607;75600;40000;2280000;0;1
84;2025-11-02;50957;11599;75600;166003;4050000;0;4
84;2025-11-02;50958;12909;75600;251004;2280000;0;7
84;2025-11-03;50951;33382;75600;869069;2280000;0;88
84;2025-11-03;509510;31146;75600;674995;2280000;0;99
84;2025-11-03;509512;23400;75600;433396;2280000;0;7
84;2025-11-03;509513;23040;75600;725503;2280000;1;4
84;2025-11-03;509514;3720;75600;66822;2280000;0;1
84;2025-11-03;50952;31183;75600;745067;2280000;0;106
84;2025-11-03;509520;29844;75600;642974;5400000;0;74
84;2025-11-03;509521;40594;75600;886858;5400000;0;122
84;2025-11-03;50953;38641;75600;831070;2280000;0;149
84;2025-11-03;50954;41787;75600;942018;2280000;1;151
84;2025-11-03;50955;37027;75600;797106;4050000;0;140
84;2025-11-03;50956;4357;75600;86012;2280000;0;10
84;2025-11-03;50957;9864;75600;230021;4050000;0;43
84;2025-11-03;50958;28732;75600;641039;2280000;1;68
84;2025-11-04;50951;48213;75600;1198029;2280000;0;55
84;2025-11-04;509510;31197;75600;540077;2280000;0;85
84;2025-11-04;509512;5400;75600;59037;2280000;0;1
84;2025-11-04;509513;5220;75600;344576;2280000;0;2
84;2025-11-04;50952;41081;75600;901151;2280000;0;106
84;2025-11-04;509520;28710;75600;681314;5400000;0;67
84;2025-11-04;509521;38623;75600;775615;5400000;0;86
84;2025-11-04;50953;36471;75600;690097;2280000;0;135
84;2025-11-04;50954;38035;75600;851563;2280000;0;144
84;2025-11-04;50955;32519;75600;733116;4050000;0;146
84;2025-11-04;50956;13866;75600;227010;2280000;0;11
84;2025-11-04;50957;21567;75600;376979;4050000;0;53
84;2025-11-04;50958;42552;75600;958997;2280000;0;53
84;2025-11-05;50951;43984;75600;1069080;2280000;0;96
84;2025-11-05;509510;29488;75600;574082;2280000;0;96
84;2025-11-05;509512;6840;75600;122316;2280000;2;1
84;2025-11-05;509513;3300;75600;289650;2280000;0;1
84;2025-11-05;50952;33628;75600;739182;2280000;0;84
84;2025-11-05;509520;38243;75600;808050;5400000;0;89
84;2025-11-05;509521;34772;75600;728850;5400000;0;73
84;2025-11-05;50953;32762;75600;654528;2280000;0;114
84;2025-11-05;50954;28014;75600;634034;2280000;0;124
84;2025-11-05;50955;30338;75600;708116;4050000;0;129
84;2025-11-05;50956;6161;75600;113016;2280000;0;16
84;2025-11-05;50957;16496;75600;329986;4050000;0;27
84;2025-11-05;50958;32986;75600;799088;2280000;1;57
84;2025-11-06;50951;46496;75600;1066513;2280000;0;90
84;2025-11-06;509510;43041;75600;846156;2280000;0;92
84;2025-11-06;509512;7260;75600;103489;2280000;0;2
84;2025-11-06;509513;8940;75600;369653;2280000;0;2
84;2025-11-06;509514;5760;75600;102604;2280000;0;2
84;2025-11-06;50952;45716;75600;1039084;2280000;0;129
84;2025-11-06;509520;26274;75600;603840;5400000;0;65
84;2025-11-06;509521;32000;75600;547954;5400000;0;67
84;2025-11-06;50953;43694;75600;922686;2280000;0;148
84;2025-11-06;50954;40420;75600;893318;2280000;0;159
84;2025-11-06;50955;32246;75600;708117;4050000;0;140
84;2025-11-06;50956;12947;75600;230018;2280000;0;17
84;2025-11-06;50957;18284;75600;375950;4050000;0;43
84;2025-11-06;50958;33304;75600;762057;2280000;0;60
84;2025-11-07;50951;47821;75600;1177195;2280000;0;98
84;2025-11-07;509510;32245;75600;671941;2280000;0;93
84;2025-11-07;509513;18960;75600;1228219;2280000;0;5
84;2025-11-07;509514;13740;75600;287164;2280000;0;5
84;2025-11-07;50952;36139;75600;777079;2280000;0;138
84;2025-11-07;509520;31119;75600;612112;5400000;0;94
84;2025-11-07;509521;36467;75600;852852;5400000;0;95
84;2025-11-07;50953;46577;75600;957572;2280000;0;185
84;2025-11-07;50954;45705;75600;1047046;2280000;0;179
84;2025-11-07;50955;35313;75600;747075;4050000;0;147
84;2025-11-07;50956;14241;75600;226014;2280000;0;20
84;2025-11-07;50957;18214;75600;352935;4050000;0;51
84;2025-11-07;50958;39051;75600;896008;2280000;0;59
84;2025-11-08;50951;27367;75600;636518;2280000;1;70
84;2025-11-08;509510;19907;75600;450073;2280000;0;47
84;2025-11-08;509512;5460;75600;65084;2280000;1;1
84;2025-11-08;509513;10980;75600;862435;2280000;0;3
84;2025-11-08;509514;17340;75600;236732;2280000;0;4
84;2025-11-08;50952;20733;75600;456055;2280000;0;86
84;2025-11-08;509520;21528;75600;436199;5400000;0;61
84;2025-11-08;509521;21236;75600;447877;5400000;0;63
84;2025-11-08;50953;23927;75600;566083;2280000;1;107
84;2025-11-08;50954;23713;75600;518023;2280000;0;106
84;2025-11-08;50955;24257;75600;505090;4050000;0;100
84;2025-11-08;50956;5791;75600;104009;2280000;0;14
84;2025-11-08;50957;16076;75600;333976;4050000;0;40
84;2025-11-08;50958;28530;75600;670997;2280000;0;41
84;2025-11-09;50951;14107;75600;291000;2280000;0;8
84;2025-11-09;50956;4032;75600;41000;2280000;0;1
84;2025-11-09;50957;11542;75600;166003;4050000;0;4
84;2025-11-09;50958;13084;75600;251003;2280000;0;7
84;2025-11-10;50951;48868;75600;1207046;2280000;2;109
84;2025-11-10;509510;48548;75600;985373;2280000;2;93
84;2025-11-10;509512;13860;75600;182869;2280000;1;3
84;2025-11-10;509513;15300;75600;855241;2280000;1;4
84;2025-11-10;509514;10140;75600;172641;2280000;0;3
84;2025-11-10;50952;42740;75600;908063;2280000;0;115
84;2025-11-10;509520;51758;75600;1100141;5400000;0;133
84;2025-11-10;509521;40765;75600;879667;5400000;0;125
84;2025-11-10;50953;39617;75600;916109;2280000;0;178
84;2025-11-10;50954;41846;75600;906599;2280000;0;178
84;2025-11-10;50955;31780;75600;686328;4050000;2;139
84;2025-11-10;50956;6753;75600;140017;2280000;0;14
84;2025-11-10;50957;24101;75600;485105;4050000;0;31
84;2025-11-10;50958;46408;75600;1170264;2280000;0;88
84;2025-11-11;50951;47439;75600;1148058;2280000;0;74
84;2025-11-11;509510;34384;75600;719347;2280000;0;77
84;2025-11-11;509512;15840;75600;298806;2280000;0;5
84;2025-11-11;509513;13320;75600;427953;2280000;0;3
84;2025-11-11;509514;3360;75600;58629;2280000;0;1
84;2025-11-11;50952;33314;75600;729077;2280000;0;102
84;2025-11-11;509520;31418;75600;793992;5400000;0;97
84;2025-11-11;509521;22749;75600;426821;5400000;0;70
84;2025-11-11;50953;35482;75600;702075;2280000;0;124
84;2025-11-11;50954;36702;75600;780032;2280000;0;142
84;2025-11-11;50955;29877;75600;648114;4050000;0;126
84;2025-11-11;50956;9549;75600;141011;2280000;0;14
84;2025-11-11;50957;12945;75600;204979;4050000;0;32
84;2025-11-11;50958;36209;75600;910988;2280000;0;59
84;2025-11-12;50951;48340;75600;1207171;2280000;0;77
84;2025-11-12;509510;38859;75600;846973;2280000;0;106
84;2025-11-12;509512;26160;75600;464695;2280000;0;8
84;2025-11-12;509513;22980;75600;1069840;2280000;1;7
84;2025-11-12;509514;9480;75600;239700;2280000;0;4
84;2025-11-12;50952;34031;75600;744188;2280000;0;95
84;2025-11-12;509520;36721;75600;878790;5400000;0;112
84;2025-11-12;509521;34069;75600;681919;5400000;0;69
84;2025-11-12;50953;40822;75600;796065;2280000;0;133
84;2025-11-12;50954;41620;75600;923037;2280000;0;162
84;2025-11-12;50955;32732;75600;718076;4050000;0;123
84;2025-11-12;50956;7715;75600;105909;2280000;0;17
84;2025-11-12;50957;21476;75600;403033;4050000;0;39
84;2025-11-12;50958;46400;75600;1101040;2280000;0;87
84;2025-11-13;50951;51040;75600;1300197;2280000;0;100
84;2025-11-13;509510;51616;75600;1020649;2280000;2;117
84;2025-11-13;509512;10020;75600;171361;2280000;0;3
84;2025-11-13;509513;8220;75600;630200;2280000;0;2
84;2025-11-13;509514;18060;75600;182057;2280000;1;3
84;2025-11-13;50952;41292;75600;897088;2280000;0;145
84;2025-11-13;509520;50227;75600;1143025;5400000;0;147
84;2025-11-13;509521;31568;75600;631883;5400000;0;78
84;2025-11-13;50953;53431;75600;1038057;2280000;0;165
84;2025-11-13;50954;47939;75600;980400;2280000;0;198
84;2025-11-13;50955;35839;75600;714264;4050000;0;144
84;2025-11-13;50956;9323;75600;154015;2280000;0;17
84;2025-11-13;50957;27592;75600;480880;4050000;0;60
84;2025-11-13;50958;51338;75600;1116576;2280000;2;76
84;2025-11-14;50951;52828;75600;1380197;2280000;0;122
84;2025-11-14;509510;49169;75600;1151877;2280000;0;135
84;2025-11-14;509512;15720;75600;185128;2280000;1;3
84;2025-11-14;509513;19020;75600;1216116;2280000;1;5
84;2025-11-14;509514;19860;75600;289998;2280000;0;5
84;2025-11-14;50952;38152;75600;893172;2280000;0;134
84;2025-11-14;509520;39700;75600;907109;5400000;0;123
84;2025-11-14;509521;48218;75600;1104840;5400000;0;155
84;2025-11-14;50953;45980;75600;1033997;2280000;0;196
84;2025-11-14;50954;48230;75600;1056543;2280000;0;195
84;2025-11-14;50955;37985;75600;841299;4050000;2;152
84;2025-11-14;50956;12827;75600;165015;2280000;0;30
84;2025-11-14;50957;15979;75600;293969;4050000;0;36
84;2025-11-14;50958;42015;75600;1021013;2280000;1;88
84;2025-11-15;50951;40751;75600;938213;2280000;0;67
84;2025-11-15;509510;20669;75600;433948;2280000;0;34
84;2025-11-15;509512;16260;75600;188556;2280000;2;3
84;2025-11-15;509513;2520;75600;45137;2280000;1;1
84;2025-11-15;509514;7680;75600;182522;2280000;1;3
84;2025-11-15;50952;19970;75600;480039;2280000;0;69
84;2025-11-15;509520;27770;75600;586080;5400000;0;92
84;2025-11-15;509521;24366;75600;565214;5400000;0;94
84;2025-11-15;50953;30605;75600;680391;2280000;0;137
84;2025-11-15;50954;24840;75600;552235;2280000;0;98
84;2025-11-15;50955;22288;75600;516510;4050000;0;99
84;2025-11-15;50956;12096;75600;188013;2280000;0;16
84;2025-11-15;50957;16414;75600;251937;4050000;0;22
84;2025-11-15;50958;38033;75600;839028;2280000;0;39
84;2025-11-16;50951;20844;75600;452001;2280000;0;11
84;2025-11-16;50956;2756;75600;39999;2280000;0;1
84;2025-11-16;50957;12971;75600;209002;4050000;0;5
84;2025-11-16;50958;20722;75600;427002;2280000;0;14
84;2025-11-17;50951;51366;75600;1172090;2280000;0;111
84;2025-11-17;509510;39131;75600;870927;2280000;0;116
84;2025-11-17;509512;6300;75600;109758;2280000;1;1
84;2025-11-17;509513;21900;75600;1536032;2280000;0;8
84;2025-11-17;509514;22980;75600;465960;2280000;1;8
84;2025-11-17;50952;32737;75600;778253;2280000;0;133
84;2025-11-17;509520;44124;75600;961065;5400000;0;131
84;2025-11-17;509521;45563;75600;1046982;5400000;0;132
84;2025-11-17;50953;40449;75600;926110;2280000;0;170
84;2025-11-17;50954;40585;75600;931781;2280000;0;165
84;2025-11-17;50955;32745;75600;769373;4050000;0;153
84;2025-11-17;50956;13119;75600;183018;2280000;0;29
84;2025-11-17;50957;24209;75600;415724;4050000;0;53
84;2025-11-17;50958;38721;75600;897057;2280000;5;73
84;2025-11-18;50951;54691;75600;1295116;2280000;2;93
84;2025-11-18;509510;38235;75600;727757;2280000;0;130
84;2025-11-18;509512;7380;75600;177240;2280000;1;3
84;2025-11-18;509513;3960;75600;60464;2280000;0;1
84;2025-11-18;509514;12000;75600;190440;2280000;1;3
84;2025-11-18;50952;40752;75600;918156;2280000;0;126
84;2025-11-18;509520;41492;75600;724999;5400000;0;75
84;2025-11-18;509521;49926;75600;1084832;5400000;1;143
84;2025-11-18;50953;44374;75600;910223;2280000;3;162
84;2025-11-18;50954;40493;75600;897361;2280000;0;166
84;2025-11-18;50955;11873;75600;268034;4050000;0;43
84;2025-11-18;50956;13555;75600;245024;2280000;0;28
84;2025-11-18;50957;26962;75600;433476;4050000;0;72
84;2025-11-18;50958;44910;75600;1141056;2280000;1;71
84;2025-11-19;50951;48315;75600;1172068;2280000;0;94
84;2025-11-19;509510;48069;75600;1082724;2280000;0;139
84;2025-11-19;509512;10260;75600;182649;2280000;0;3
84;2025-11-19;509513;5100;75600;319355;2280000;0;1
84;2025-11-19;509514;22320;75600;342282;2280000;0;6
84;2025-11-19;50952;42755;75600;928576;2280000;0;126
84;2025-11-19;509520;33200;75600;699062;5400000;0;98
84;2025-11-19;509521;36766;75600;845894;5400000;0;121
84;2025-11-19;50953;46925;75600;939280;2280000;0;180
84;2025-11-19;50954;46078;75600;1017054;2280000;0;181
84;2025-11-19;50955;38405;75600;858119;4050000;0;153
84;2025-11-19;50956;17029;75600;288026;2280000;0;29
84;2025-11-19;50957;27260;75600;524467;4050000;0;72
84;2025-11-19;50958;48735;75600;1247023;2280000;1;106
84;2025-11-20;50951;31975;75600;806187;2280000;0;52
84;2025-11-20;509510;9276;75600;193912;2280000;0;28
84;2025-11-20;509512;5580;75600;63034;2280000;1;1
84;2025-11-20;509514;3660;75600;57599;2280000;0;1
84;2025-11-20;50952;16653;75600;343035;2280000;0;59
84;2025-11-20;509520;21432;75600;442024;5400000;0;74
84;2025-11-20;509521;25412;75600;560916;5400000;0;67
84;2025-11-20;50953;22675;75600;437072;2280000;0;82
84;2025-11-20;50954;22689;75600;504029;2280000;0;94
84;2025-11-20;50955;18633;75600;413069;4050000;0;85
84;2025-11-20;50956;16164;75600;236021;2280000;0;32
84;2025-11-20;50957;12496;75600;222958;4050000;0;17
84;2025-11-20;50958;22835;75600;539016;2280000;0;26
84;2025-11-21;50951;46880;75600;1027105;2280000;0;97
84;2025-11-21;509510;33771;75600;772935;2280000;0;104
84;2025-11-21;509512;12720;75600;183042;2280000;0;3
84;2025-11-21;509513;4800;75600;117652;2280000;0;2
84;2025-11-21;509514;19500;75600;426123;2280000;0;7
84;2025-11-21;50952;41906;75600;842081;2280000;0;116
84;2025-11-21;509520;34913;75600;841176;5400000;0;95
84;2025-11-21;509521;40148;75600;934710;5400000;0;115
84;2025-11-21;50953;39545;75600;876148;2280000;0;156
84;2025-11-21;50954;47872;75600;1055562;2280000;0;172
84;2025-11-21;50955;30041;75600;711138;4050000;0;136
84;2025-11-21;50956;10031;75600;152013;2280000;0;23
84;2025-11-21;50957;26141;75600;446906;4050000;0;44
84;2025-11-21;50958;40726;75600;899055;2280000;0;97
84;2025-11-22;50951;25743;75600;678040;2280000;0;78
84;2025-11-22;509510;22028;75600;442942;2280000;0;57
84;2025-11-22;509514;15420;75600;230923;2280000;0;5
84;2025-11-22;50952;28980;75600;647080;2280000;0;100
84;2025-11-22;509520;26205;75600;624403;5400000;0;88
84;2025-11-22;509521;28996;75600;678821;5400000;0;117
84;2025-11-22;50953;29800;75600;647085;2280000;0;135
84;2025-11-22;50954;30092;75600;709538;2280000;0;110
84;2025-11-22;50955;22612;75600;492085;4050000;0;94
84;2025-11-22;50956;14389;75600;241027;2280000;0;41
84;2025-11-22;50957;18914;75600;318886;4050000;0;43
84;2025-11-22;50958;18413;75600;470928;2280000;0;30
84;2025-11-23;50951;20098;75600;459004;2280000;0;13
84;2025-11-23;50957;11446;75600;209002;4050000;0;6
84;2025-11-23;50958;19677;75600;416004;2280000;0;11
84;2025-11-24;50951;55127;75600;1400181;2280000;0;119
84;2025-11-24;509510;41987;75600;826952;2280000;0;100
84;2025-11-24;509512;11880;75600;1349700;2280000;0;5
84;2025-11-24;509513;30660;75600;974439;2280000;1;7
84;2025-11-24;509514;34380;75600;930476;2280000;1;11
84;2025-11-24;50952;43174;75600;958109;2280000;0;171
84;2025-11-24;509520;44480;75600;1016266;5400000;0;149
84;2025-11-24;509521;43954;75600;1082802;5400000;0;158
84;2025-11-24;50953;42575;75600;949088;2280000;0;186
84;2025-11-24;50954;39789;75600;878042;2280000;0;163
84;2025-11-24;50956;14146;75600;228012;2280000;0;17
84;2025-11-24;50957;18087;75600;366659;4050000;0;59
84;2025-11-24;50958;46808;75600;1066994;2280000;0;101
84;2025-11-25;50951;38117;75600;917061;2280000;0;82
84;2025-11-25;509510;36108;75600;774894;2280000;5;77
84;2025-11-25;509513;10860;75600;177321;2280000;0;3
84;2025-11-25;509514;19260;75600;924723;2280000;4;5
84;2025-11-25;50952;28773;75600;660136;2280000;0;95
84;2025-11-25;509520;16739;75600;356038;5400000;0;39
84;2025-11-25;509521;35053;75600;917846;5400000;0;143
84;2025-11-25;50953;42275;75600;883058;2280000;0;127
84;2025-11-25;50954;34908;75600;816037;2280000;0;130
84;2025-11-25;50955;28876;75600;580165;4050000;0;114
84;2025-11-25;50956;7867;75600;142016;2280000;0;14
84;2025-11-25;50957;11101;75600;225910;4050000;0;25
84;2025-11-25;50958;30214;75600;719598;2280000;0;56
84;2025-11-26;50951;47594;75600;1203041;2280000;0;70
84;2025-11-26;509510;22574;75600;460003;2280000;0;72
84;2025-11-26;509513;19080;75600;304307;2280000;0;5
84;2025-11-26;509514;29940;75600;476055;2280000;1;8
84;2025-11-26;50952;40185;75600;962532;2280000;0;109
84;2025-11-26;509520;22179;75600;436070;5400000;0;43
84;2025-11-26;509521;37439;75600;966878;5400000;0;107
84;2025-11-26;50953;35599;75600;770182;2280000;0;127
84;2025-11-26;50954;38103;75600;840436;2280000;0;128
84;2025-11-26;50955;33662;75600;726637;4050000;0;144
84;2025-11-26;50956;9306;75600;145022;2280000;0;34
84;2025-11-26;50957;14573;75600;296934;4050000;0;22
84;2025-11-26;50958;31070;75600;728029;2280000;0;44
84;2025-11-27;50951;45936;75600;1220252;2280000;0;91
84;2025-11-27;509510;23121;75600;440016;2280000;2;84
84;2025-11-27;509512;6720;75600;113228;2280000;1;2
84;2025-11-27;509513;6960;75600;114515;2280000;0;2
84;2025-11-27;509514;8400;75600;175304;2280000;1;3
84;2025-11-27;50952;32349;75600;789255;2280000;0;110
84;2025-11-27;509520;14460;75600;304996;5400000;0;35
84;2025-11-27;509521;35101;75600;917776;5400000;0;130
84;2025-11-27;50953;41526;75600;909082;2280000;0;178
84;2025-11-27;50954;41374;75600;954030;2280000;0;146
84;2025-11-27;50955;31249;75600;713103;4050000;0;141
84;2025-11-27;50956;8723;75600;142027;2280000;0;29
84;2025-11-27;50957;17918;75600;400904;4050000;0;28
84;2025-11-27;50958;30895;75600;827031;2280000;0;57
84;2025-11-28;50951;42666;75600;1142060;2280000;0;100
84;2025-11-28;509510;25056;75600;477859;2280000;0;101
84;2025-11-28;509512;10800;75600;182855;2280000;0;4
84;2025-11-28;509513;20880;75600;585463;2280000;0;6
84;2025-11-28;509514;11760;75600;170577;2280000;0;3
84;2025-11-28;50952;32147;75600;744068;2280000;0;107
84;2025-11-28;509520;18616;75600;416999;5400000;0;49
84;2025-11-28;509521;40197;75600;995774;5400000;0;139
84;2025-11-28;50953;29512;75600;659195;2280000;0;124
84;2025-11-28;50954;37895;75600;908544;2280000;0;146
84;2025-11-28;50955;35562;75600;837132;4050000;0;159
84;2025-11-28;50956;13851;75600;242023;2280000;0;34
84;2025-11-28;50957;20849;75600;383665;4050000;0;44
84;2025-11-28;50958;39978;75600;1017072;2280000;1;83
84;2025-11-29;50951;33928;75600;958058;2280000;0;67
84;2025-11-29;509510;13252;75600;265932;2280000;0;58
84;2025-11-29;509512;4980;75600;61943;2280000;0;1
84;2025-11-29;509513;4500;75600;56116;2280000;0;1
84;2025-11-29;509514;10500;75600;171753;2280000;1;3
84;2025-11-29;50952;22675;75600;580811;2280000;0;97
84;2025-11-29;509520;21978;75600;432071;5400000;0;53
84;2025-11-29;509521;31536;75600;682883;5400000;0;99
84;2025-11-29;50953;32406;75600;738972;2280000;0;136
84;2025-11-29;50954;28700;75600;683041;2280000;0;104
84;2025-11-29;50955;27910;75600;627128;4050000;0;123
84;2025-11-29;50956;8644;75600;168020;2280000;0;19
84;2025-11-29;50957;21230;75600;446647;4050000;0;53
84;2025-11-29;50958;25505;75600;589006;2280000;0;54
84;2025-11-30;50951;10196;75600;208001;2280000;0;6
84;2025-11-30;50957;4786;75600;84001;4050000;0;2
84;2025-11-30;50958;10349;75600;209003;2280000;0;6
85;2025-11-01;50963;28311;79200;652940;5640000;0;87
85;2025-11-01;50964;35103;79200;615871;2400000;0;117
85;2025-11-03;50963;35403;79200;754074;5640000;1;109
85;2025-11-03;50964;56766;79200;1131577;2400000;0;168
85;2025-11-04;50963;36107;79200;782085;5640000;0;109
85;2025-11-04;50964;46502;79200;863492;2400000;0;136
85;2025-11-05;50963;32729;79200;709058;5640000;0;98
85;2025-11-05;50964;50480;79200;816709;2400000;3;155
85;2025-11-06;50963;37344;79200;903081;5640000;0;121
85;2025-11-06;50964;51545;79200;982964;2400000;0;157
85;2025-11-07;50963;32045;79200;763077;5640000;0;104
85;2025-11-07;50964;46485;79200;846640;2400000;0;163
85;2025-11-08;50963;32424;79200;779064;5640000;0;92
85;2025-11-08;50964;37177;79200;651781;2400000;0;128
85;2025-11-10;50963;32511;79200;766114;5640000;0;106
85;2025-11-10;50964;55172;79200;1084930;2400000;4;170
85;2025-11-11;50963;33712;79200;705121;5640000;0;115
85;2025-11-11;50964;43855;79200;758545;2400000;1;132
85;2025-11-12;50963;30373;79200;639147;5640000;0;105
85;2025-11-12;50964;35981;79200;656646;2400000;0;116
85;2025-11-13;50963;31645;79200;758101;5640000;0;101
85;2025-11-13;50964;47496;79200;921930;2400000;2;151
85;2025-11-14;50963;30294;79200;680116;5640000;0;103
85;2025-11-14;50964;57367;79200;1060363;2400000;1;184
85;2025-11-15;50963;23256;79200;629062;5640000;0;85
85;2025-11-15;50964;28090;79200;540831;2400000;0;90
85;2025-11-17;50963;32726;79200;680110;5640000;0;96
85;2025-11-17;50964;41507;79200;770699;2400000;0;131
85;2025-11-18;50963;32826;79200;747198;5640000;0;99
85;2025-11-18;50964;60887;79200;1137653;2400000;2;177
85;2025-11-19;50963;36449;79200;800131;5640000;0;108
85;2025-11-19;50964;54583;79200;912433;2400000;0;184
85;2025-11-21;50963;36879;79200;831139;5640000;0;114
85;2025-11-21;50964;60938;79200;1170305;2400000;1;185
85;2025-11-22;50963;29089;79200;722145;5640000;0;88
85;2025-11-22;50964;42774;79200;815296;2400000;7;122
85;2025-11-24;50963;31710;79200;713115;5640000;0;98
85;2025-11-24;50964;49974;79200;935071;2400000;3;156
85;2025-11-25;50963;30612;79200;684135;5640000;0;102
85;2025-11-25;50964;49286;79200;875195;2400000;1;160
85;2025-11-26;50963;17821;79200;417127;5640000;0;54
85;2025-11-26;50964;46332;79200;870437;2400000;3;146
85;2025-11-27;50963;30930;79200;727238;5640000;0;117
85;2025-11-27;50964;36369;79200;640552;2400000;2;116
85;2025-11-28;50963;31624;79200;729199;5640000;0;112
85;2025-11-28;50964;55177;79200;1117841;2400000;0;180
85;2025-11-29;50963;27258;79200;634149;5640000;0;78
85;2025-11-29;50964;25633;79200;447053;2400000;3;92
86;2025-11-01;50971;23638;75600;391908;2280000;0;46
86;2025-11-01;50972;25784;75600;483763;2280000;0;60
86;2025-11-01;50973;8045;75600;142030;2280000;0;24
86;2025-11-01;50974;11495;75600;189012;2280000;0;10
86;2025-11-03;50971;43750;75600;855043;2280000;0;78
86;2025-11-03;50972;52602;75600;902231;2280000;0;142
86;2025-11-03;50973;11214;75600;209336;2280000;0;28
86;2025-11-03;50974;6702;75600;99015;2280000;0;16
86;2025-11-04;50971;35707;75600;713518;2280000;0;72
86;2025-11-04;50972;41969;75600;786008;2280000;0;103
86;2025-11-04;50973;22376;75600;353396;2280000;0;31
86;2025-11-04;50974;13466;75600;160997;2280000;0;8
86;2025-11-05;50971;36981;75600;749495;2280000;4;74
86;2025-11-05;50972;47061;75600;792644;2280000;1;115
86;2025-11-05;50973;18426;75600;371027;2280000;1;42
86;2025-11-05;50974;14359;75600;201929;2280000;3;19
86;2025-11-06;50971;39141;75600;630922;2280000;0;79
86;2025-11-06;50972;37785;75600;608496;2280000;0;79
86;2025-11-06;50973;7518;75600;118434;2280000;0;14
86;2025-11-06;50974;10119;75600;148011;2280000;0;15
86;2025-11-07;50971;36076;75600;685546;2280000;0;76
86;2025-11-07;50972;51299;75600;866681;2280000;10;123
86;2025-11-07;50973;9033;75600;138557;2280000;1;21
86;2025-11-07;50974;7956;75600;107868;2280000;0;22
86;2025-11-08;50971;27897;75600;509012;2280000;0;50
86;2025-11-08;50972;25765;75600;478083;2280000;0;68
86;2025-11-08;50973;14419;75600;228249;2280000;1;36
86;2025-11-08;50974;11198;75600;161008;2280000;0;9
86;2025-11-10;50971;41760;75600;850130;2280000;9;64
86;2025-11-10;50972;47903;75600;855777;2280000;15;109
86;2025-11-10;50973;21565;75600;343210;2280000;7;35
86;2025-11-10;50974;13513;75600;190021;2280000;1;20
86;2025-11-11;50971;26942;75600;466596;2280000;1;43
86;2025-11-11;50972;38667;75600;637902;2280000;10;91
86;2025-11-11;50973;38330;75600;657058;2280000;2;75
86;2025-11-11;50974;8415;75600;122003;2280000;0;14
86;2025-11-12;50971;37263;75600;679019;2280000;0;70
86;2025-11-12;50972;46024;75600;783846;2280000;0;103
86;2025-11-12;50973;35096;75600;599148;2280000;6;49
86;2025-11-12;50974;8893;75600;123008;2280000;0;15
86;2025-11-13;50971;39002;75600;760142;2280000;1;72
86;2025-11-13;50972;37237;75600;668864;2280000;0;97
86;2025-11-13;50973;30730;75600;530125;2280000;1;53
86;2025-11-13;50974;11369;75600;159205;2280000;0;15
86;2025-11-14;50971;49250;75600;878889;2280000;0;101
86;2025-11-14;50972;57152;75600;1037407;2280000;0;139
86;2025-11-14;50973;43389;75600;776677;2280000;0;95
86;2025-11-14;50974;13725;75600;215477;2280000;3;14
86;2025-11-17;50971;37756;75600;668030;2280000;1;83
86;2025-11-17;50972;47706;75600;867485;2280000;0;107
86;2025-11-17;50973;39752;75600;654877;2280000;2;65
86;2025-11-17;50974;11868;75600;164002;2280000;0;13
86;2025-11-18;50971;32842;75600;605579;2280000;0;60
86;2025-11-18;50972;37419;75600;746595;2280000;0;84
86;2025-11-18;50973;29913;75600;496089;2280000;0;62
86;2025-11-18;50974;7083;75600;90090;2280000;0;11
86;2025-11-19;50971;41468;75600;768189;2280000;4;86
86;2025-11-19;50972;52834;75600;952398;2280000;0;119
86;2025-11-19;50973;50016;75600;856365;2280000;0;106
86;2025-11-19;50974;21546;75600;296178;2280000;1;34
86;2025-11-21;50971;48354;75600;843063;2280000;0;80
86;2025-11-21;50972;40539;75600;725268;2280000;0;136
86;2025-11-21;50973;35786;75600;620704;2280000;0;62
86;2025-11-21;50974;8437;75600;119005;2280000;0;20
86;2025-11-22;50971;27937;75600;615468;2280000;0;57
86;2025-11-22;50972;33372;75600;600061;2280000;0;92
86;2025-11-22;50973;28000;75600;511154;2280000;0;49
86;2025-11-22;50974;7682;75600;121009;2280000;0;10
86;2025-11-24;50971;41726;75600;838242;2280000;0;81
86;2025-11-24;50972;37724;75600;686532;2280000;0;92
86;2025-11-24;50973;37454;75600;627324;2280000;1;62
86;2025-11-24;50974;22560;75600;344021;2280000;0;29
86;2025-11-25;50971;33668;75600;635029;2280000;0;45
86;2025-11-25;50972;40274;75600;618320;2280000;0;91
86;2025-11-25;50973;21117;75600;352631;2280000;0;40
86;2025-11-25;50974;17406;75600;239482;2280000;0;35
86;2025-11-26;50971;24292;75600;441062;2280000;0;59
86;2025-11-26;50972;28867;75600;478934;2280000;2;67
86;2025-11-26;50973;21852;75600;403208;2280000;0;38
86;2025-11-26;50974;7875;75600;96023;2280000;0;12
86;2025-11-27;50971;37054;75600;682789;2280000;0;72
86;2025-11-27;50972;35040;75600;684035;2280000;0;81
86;2025-11-27;50973;28188;75600;423038;2280000;0;49
86;2025-11-27;50974;3053;75600;40010;2280000;0;8
86;2025-11-28;50971;36846;75600;674900;2280000;1;77
86;2025-11-28;50972;39816;75600;695531;2280000;0;109
86;2025-11-28;50973;31452;75600;490220;2280000;1;44
86;2025-11-28;50974;6438;75600;102005;2280000;0;16
86;2025-11-29;50971;32356;75600;778583;2280000;2;57
86;2025-11-29;50972;23791;75600;426025;2280000;0;59
86;2025-11-29;50973;20422;75600;316044;2280000;0;41
86;2025-11-29;50974;8325;75600;110020;2280000;0;22
88;2025-11-01;50991;6570;54000;103993;1620000;0;28
88;2025-11-01;509910;11886;54000;191995;4800000;0;20
88;2025-11-01;509911;6206;54000;182509;4800000;0;40
88;2025-11-01;509912;6855;54000;200003;4800000;0;37
88;2025-11-01;50998;4628;54000;60003;4800000;0;12
88;2025-11-01;50999;13936;54000;269002;4800000;0;7
88;2025-11-03;50991;13303;54000;206018;1620000;1;49
88;2025-11-03;509910;10793;54000;196990;4800000;0;21
88;2025-11-03;509911;10953;54000;295504;4800000;0;60
88;2025-11-03;509912;14268;54000;342506;4800000;0;68
88;2025-11-03;50998;7714;54000;123997;4800000;0;26
88;2025-11-03;50999;12525;54000;240028;4800000;1;12
88;2025-11-04;50991;11830;54000;184492;1620000;0;38
88;2025-11-04;509910;18012;54000;340007;4800000;0;28
88;2025-11-04;509911;13271;54000;289525;4800000;0;62
88;2025-11-04;509912;12750;54000;346478;4800000;0;71
88;2025-11-04;50998;2830;54000;55001;4800000;0;12
88;2025-11-04;50999;10196;54000;193005;4800000;0;9
88;2025-11-05;50991;10453;54000;152999;1620000;0;40
88;2025-11-05;509910;7333;54000;118659;4800000;0;18
88;2025-11-05;509911;11657;54000;275019;4800000;0;54
88;2025-11-05;509912;13301;54000;329498;4800000;0;70
88;2025-11-05;50998;3981;54000;70236;4800000;2;14
88;2025-11-05;50999;11098;54000;192291;4800000;1;14
88;2025-11-06;50991;15129;54000;230992;1620000;7;55
88;2025-11-06;509910;19523;54000;352067;4800000;1;27
88;2025-11-06;509911;12370;54000;335016;4800000;0;66
88;2025-11-06;509912;18431;54000;424511;4800000;0;84
88;2025-11-06;50998;7411;54000;137998;4800000;0;30
88;2025-11-06;50999;23896;54000;449987;4800000;0;15
88;2025-11-07;50991;22208;54000;352492;1620000;1;88
88;2025-11-07;509910;10394;54000;166996;4800000;0;19
88;2025-11-07;509911;15078;54000;416029;4800000;0;82
88;2025-11-07;509912;16070;54000;421011;4800000;0;84
88;2025-11-07;50998;3382;54000;77499;4800000;0;17
88;2025-11-07;50999;5439;54000;87640;4800000;1;5
88;2025-11-08;50991;10964;54000;182493;1620000;0;38
88;2025-11-08;509910;15700;54000;278060;4800000;1;17
88;2025-11-08;509911;7457;54000;154993;4800000;0;32
88;2025-11-08;509912;8746;54000;214988;4800000;0;45
88;2025-11-08;50998;4536;54000;85008;4800000;0;17
88;2025-11-08;50999;16270;54000;311006;4800000;0;9
88;2025-11-10;50991;12617;54000;188494;1620000;0;52
88;2025-11-10;509910;12851;54000;218998;4800000;0;23
88;2025-11-10;509911;15265;54000;328492;4800000;0;70
88;2025-11-10;509912;15625;54000;408987;4800000;0;82
88;2025-11-10;50998;4687;54000;95005;4800000;0;19
88;2025-11-10;50999;14115;54000;261494;4800000;0;14
88;2025-11-11;50991;17134;54000;288500;1620000;0;65
88;2025-11-11;509910;12569;54000;240994;4800000;0;20
88;2025-11-11;509911;10904;54000;273491;4800000;0;56
88;2025-11-11;509912;12323;54000;348485;4800000;0;72
88;2025-11-11;50998;6012;54000;105001;4800000;0;23
88;2025-11-11;50999;9589;54000;182001;4800000;0;6
88;2025-11-12;50991;13200;54000;204980;1620000;0;53
88;2025-11-12;509910;9147;54000;157043;4800000;1;15
88;2025-11-12;509911;12042;54000;266114;4800000;1;57
88;2025-11-12;509912;12919;54000;277969;4800000;0;58
88;2025-11-12;50998;6031;54000;104216;4800000;2;20
88;2025-11-12;50999;10227;54000;177907;4800000;1;7
88;2025-11-13;50991;13229;54000;202485;1620000;0;55
88;2025-11-13;509910;6935;54000;119997;4800000;0;16
88;2025-11-13;509911;11456;54000;276506;4800000;0;58
88;2025-11-13;509912;13386;54000;318959;4800000;4;60
88;2025-11-13;50998;8911;54000;150023;4800000;1;31
88;2025-11-13;50999;7873;54000;155004;4800000;0;5
88;2025-11-14;50991;17323;54000;280495;1620000;0;71
88;2025-11-14;509910;12117;54000;221994;4800000;0;25
88;2025-11-14;509911;17618;54000;491045;4800000;0;95
88;2025-11-14;509912;19233;54000;450291;4800000;2;93
88;2025-11-14;50998;7557;54000;131999;4800000;0;31
88;2025-11-14;50999;8892;54000;150500;4800000;0;9
88;2025-11-15;50991;4462;54000;71995;1620000;0;16
88;2025-11-15;509910;9988;54000;191996;4800000;0;10
88;2025-11-15;509911;8689;54000;199024;4800000;0;43
88;2025-11-15;509912;6224;54000;118462;4800000;0;23
88;2025-11-15;50998;4252;54000;74995;4800000;0;15
88;2025-11-15;50999;8112;54000;160003;4800000;0;6
88;2025-11-17;50991;17620;54000;276440;1620000;6;64
88;2025-11-17;509910;15783;54000;278006;4800000;0;19
88;2025-11-17;509911;17654;54000;414528;4800000;0;84
88;2025-11-17;509912;14225;54000;281979;4800000;0;56
88;2025-11-17;50998;6262;54000;101506;4800000;0;13
88;2025-11-17;50999;12567;54000;247001;4800000;0;10
88;2025-11-18;50991;9703;54000;149001;1620000;0;36
88;2025-11-18;509910;11977;54000;198995;4800000;0;18
88;2025-11-18;509911;15136;54000;275036;4800000;0;55
88;2025-11-18;509912;14835;54000;334487;4800000;3;66
88;2025-11-18;50998;7099;54000;139996;4800000;0;21
88;2025-11-18;50999;12051;54000;227003;4800000;0;7
88;2025-11-19;50991;17480;54000;238586;1620000;4;59
88;2025-11-19;509910;15904;54000;289994;4800000;0;19
88;2025-11-19;509911;15057;54000;340997;4800000;0;66
88;2025-11-19;509912;20649;54000;384487;4800000;2;75
88;2025-11-19;50998;8394;54000;103628;4800000;2;21
88;2025-11-19;50999;16111;54000;304001;4800000;1;13
88;2025-11-20;50991;7227;54000;67773;1620000;2;14
88;2025-11-20;509910;9616;54000;116991;4800000;1;14
88;2025-11-20;509911;10677;54000;204536;4800000;0;42
88;2025-11-20;509912;7504;54000;158993;4800000;0;33
88;2025-11-20;50998;7218;54000;82498;4800000;0;19
88;2025-11-20;50999;5102;54000;100001;4800000;0;2
88;2025-11-21;50991;17756;54000;285989;1620000;0;68
88;2025-11-21;509910;11651;54000;229533;4800000;0;14
88;2025-11-21;509911;10693;54000;242481;4800000;0;51
88;2025-11-21;509912;20019;54000;429996;4800000;0;83
88;2025-11-21;50998;11294;54000;188004;4800000;0;44
88;2025-11-21;50999;14188;54000;256003;4800000;0;8
88;2025-11-22;50991;11199;54000;186500;1620000;2;28
88;2025-11-22;509910;11742;54000;204992;4800000;0;12
88;2025-11-22;509911;7417;54000;185525;4800000;0;35
88;2025-11-22;509912;5777;54000;169996;4800000;0;32
88;2025-11-22;50998;9115;54000;166008;4800000;0;35
88;2025-11-22;50999;7592;54000;144010;4800000;0;11
88;2025-11-24;50991;9383;54000;148820;1620000;3;32
88;2025-11-24;509910;8621;54000;147999;4800000;0;18
88;2025-11-24;509911;15046;54000;337518;4800000;0;70
88;2025-11-24;509912;15661;54000;306993;4800000;0;63
88;2025-11-24;50998;6902;54000;124611;4800000;1;27
88;2025-11-24;50999;6255;54000;120002;4800000;0;4
88;2025-11-25;50991;7664;54000;110498;1620000;0;30
88;2025-11-25;509910;11695;54000;213001;4800000;0;12
88;2025-11-25;509911;10866;54000;283516;4800000;0;60
88;2025-11-25;509912;16299;54000;343480;4800000;0;68
88;2025-11-25;50998;8589;54000;140004;4800000;0;28
88;2025-11-25;50999;7235;54000;130004;4800000;0;7
88;2025-11-26;50991;11110;54000;180487;1620000;0;32
88;2025-11-26;509910;5543;54000;109999;4800000;0;4
88;2025-11-26;509911;10215;54000;246991;4800000;0;50
88;2025-11-26;509912;13384;54000;285994;4800000;0;54
88;2025-11-26;50998;6406;54000;117996;4800000;0;26
88;2025-11-26;50999;2555;54000;50000;4800000;0;1
88;2025-11-27;50991;18142;54000;272511;1620000;0;59
88;2025-11-27;509910;10281;54000;189998;4800000;0;11
88;2025-11-27;509911;8154;54000;185991;4800000;0;39
88;2025-11-27;509912;15612;54000;363040;4800000;1;75
88;2025-11-27;50998;3246;54000;49998;4800000;0;10
88;2025-11-27;50999;11675;54000;225001;4800000;0;6
88;2025-11-28;50991;15964;54000;233520;1620000;1;57
88;2025-11-28;509910;12143;54000;237995;4800000;0;18
88;2025-11-28;509911;11067;54000;322516;4800000;0;66
88;2025-11-28;509912;16725;54000;303001;4800000;3;59
88;2025-11-28;50998;2938;54000;57011;4800000;0;11
88;2025-11-28;50999;9420;54000;176010;4800000;0;9
88;2025-11-29;50991;6395;54000;101024;1620000;1;19
88;2025-11-29;509910;9364;54000;172996;4800000;0;14
88;2025-11-29;509911;9425;54000;197021;4800000;4;39
88;2025-11-29;509912;9318;54000;195991;4800000;0;38
88;2025-11-29;50998;3038;54000;43000;4800000;0;9
88;2025-11-29;50999;9732;54000;185007;4800000;0;10
90;2025-11-01;51011;4105;86400;119797;3060000;0;6
90;2025-11-01;510113;19089;86400;293712;4590000;7;47
90;2025-11-01;510115;4858;86400;60381;1290000;0;1
90;2025-11-01;510116;3428;86400;58553;1290000;0;1
90;2025-11-01;51012;4576;86400;64084;4590000;2;12
90;2025-11-01;51013;4212;86400;67007;4590000;0;15
90;2025-11-01;51014;21155;86400;358792;3060000;2;28
90;2025-11-01;51016;19558;86400;518001;6120000;0;89
90;2025-11-01;51017;18383;86400;456060;6120000;2;54
90;2025-11-01;51018;21095;86400;440090;4590000;1;87
90;2025-11-03;510113;22555;86400;435147;4590000;0;72
90;2025-11-03;510115;15996;86400;178018;1290000;0;3
90;2025-11-03;510116;3690;86400;60791;1290000;0;1
90;2025-11-03;510117;20709;86400;232456;1290000;0;4
90;2025-11-03;510118;13742;86400;56952;1290000;0;1
90;2025-11-03;51012;18025;86400;283103;4590000;6;38
90;2025-11-03;510120;13378;86400;173697;1290000;0;3
90;2025-11-03;51013;19501;86400;373062;4590000;1;40
90;2025-11-03;51014;25977;86400;529664;3060000;8;23
90;2025-11-03;51016;27363;86400;731036;6120000;0;116
90;2025-11-03;51017;23904;86400;638138;6120000;2;86
90;2025-11-03;51018;28445;86400;651103;4590000;1;117
90;2025-11-04;51011;13937;86400;354998;3060000;0;20
90;2025-11-04;510113;21239;86400;400106;4590000;1;45
90;2025-11-04;51012;12075;86400;242052;4590000;1;23
90;2025-11-04;510120;7463;86400;98717;1290000;0;2
90;2025-11-04;51013;15283;86400;300012;4590000;0;32
90;2025-11-04;51014;27377;86400;580317;3060000;9;33
90;2025-11-04;51016;19989;86400;557018;6120000;2;88
90;2025-11-04;51017;23735;86400;598064;6120000;0;80
90;2025-11-04;51018;23471;86400;591035;4590000;0;91
90;2025-11-05;51011;18268;86400;412548;3060000;0;22
90;2025-11-05;510113;14322;86400;302052;4590000;0;33
90;2025-11-05;510115;9235;86400;115901;1290000;0;2
90;2025-11-05;510116;13713;86400;175659;1290000;0;3
90;2025-11-05;510117;9793;86400;119078;1290000;0;2
90;2025-11-05;51012;21127;86400;401144;4590000;2;43
90;2025-11-05;510120;11563;86400;159720;1290000;0;3
90;2025-11-05;51013;18919;86400;384062;4590000;1;24
90;2025-11-05;51014;29676;86400;608839;3060000;9;24
90;2025-11-05;51016;19329;86400;463000;6120000;0;87
90;2025-11-05;51017;24433;86400;563107;6120000;1;88
90;2025-11-05;51018;20410;86400;459045;4590000;0;87
90;2025-11-06;51011;12835;86400;336499;3060000;0;20
90;2025-11-06;510113;20729;86400;387999;4590000;0;68
90;2025-11-06;510115;22182;86400;256615;1290000;0;5
90;2025-11-06;510116;14944;86400;231562;1290000;1;4
90;2025-11-06;510117;4391;86400;59442;1290000;0;1
90;2025-11-06;51012;13927;86400;238072;4590000;1;19
90;2025-11-06;510120;2579;86400;42894;1290000;0;1
90;2025-11-06;51013;13965;86400;261006;4590000;0;20
90;2025-11-06;51014;22749;86400;457420;3060000;2;23
90;2025-11-06;51016;27350;86400;650003;6120000;0;104
90;2025-11-06;51017;26836;86400;594068;6120000;0;97
90;2025-11-06;51018;24925;86400;567029;4590000;0;92
90;2025-11-07;51011;14228;86400;309501;3060000;0;25
90;2025-11-07;510113;27144;86400;524120;4590000;0;101
90;2025-11-07;510114;10219;86400;122024;1290000;0;2
90;2025-11-07;510115;17872;86400;209675;1290000;0;4
90;2025-11-07;510116;3969;86400;59247;1290000;0;1
90;2025-11-07;510117;5218;86400;61856;1290000;0;1
90;2025-11-07;51012;19825;86400;331806;4590000;0;35
90;2025-11-07;510120;8158;86400;113942;1290000;0;2
90;2025-11-07;51013;13939;86400;232010;4590000;0;23
90;2025-11-07;51014;16646;86400;354734;3060000;7;18
90;2025-11-07;51016;23904;86400;630035;6120000;1;110
90;2025-11-07;51017;28203;86400;624137;6120000;1;98
90;2025-11-07;51018;29615;86400;669111;4590000;1;128
90;2025-11-08;51011;6080;86400;120493;3060000;0;10
90;2025-11-08;510113;12655;86400;260115;4590000;1;42
90;2025-11-08;510114;4567;86400;62167;1290000;0;1
90;2025-11-08;510115;13298;86400;180692;1290000;0;3
90;2025-11-08;510116;3104;86400;58996;1290000;0;1
90;2025-11-08;510117;14194;86400;174105;1290000;0;3
90;2025-11-08;51012;4020;86400;77095;4590000;1;5
90;2025-11-08;510120;2813;86400;56970;1290000;0;1
90;2025-11-08;51013;1920;86400;30002;4590000;0;6
90;2025-11-08;51014;10236;86400;209225;3060000;6;17
90;2025-11-08;51016;19210;86400;492999;6120000;0;83
90;2025-11-08;51017;21063;86400;537034;6120000;1;58
90;2025-11-08;51018;22086;86400;495049;4590000;0;92
90;2025-11-10;51011;17516;86400;421847;3060000;0;27
90;2025-11-10;510113;23541;86400;379268;4590000;5;66
90;2025-11-10;510114;9612;86400;120291;1290000;0;2
90;2025-11-10;510115;9893;86400;121318;1290000;0;2
90;2025-11-10;510116;3330;86400;59058;1290000;0;1
90;2025-11-10;51012;26418;86400;415894;4590000;2;44
90;2025-11-10;51013;21143;86400;408024;4590000;0;59
90;2025-11-10;51014;25317;86400;529373;3060000;10;20
90;2025-11-10;51016;26070;86400;640118;6120000;0;115
90;2025-11-10;51017;26234;86400;638057;6120000;0;72
90;2025-11-10;51018;30528;86400;692072;4590000;0;141
90;2025-11-11;51011;7429;86400;186101;3060000;1;12
90;2025-11-11;510113;22238;86400;335069;4590000;0;57
90;2025-11-11;510114;1755;86400;25123;1290000;2;0
90;2025-11-11;510115;9771;86400;120296;1290000;0;2
90;2025-11-11;510116;14773;86400;230564;1290000;0;4
90;2025-11-11;510117;4409;86400;60168;1290000;2;1
90;2025-11-11;510118;5913;86400;56453;1290000;0;1
90;2025-11-11;51012;9355;86400;133449;4590000;1;14
90;2025-11-11;51013;24183;86400;475020;4590000;2;38
90;2025-11-11;51014;29564;86400;493338;3060000;11;26
90;2025-11-11;51016;25982;86400;607073;6120000;1;95
90;2025-11-11;51017;23902;86400;464053;6120000;0;68
90;2025-11-11;51018;21152;86400;433147;4590000;2;87
90;2025-11-12;51011;13944;86400;349999;3060000;0;27
90;2025-11-12;510113;19776;86400;327049;4590000;0;52
90;2025-11-12;510114;11442;86400;121118;1290000;0;2
90;2025-11-12;510115;4417;86400;60103;1290000;0;1
90;2025-11-12;510116;10089;86400;136286;1290000;1;2
90;2025-11-12;510117;18834;86400;238656;1290000;0;4
90;2025-11-12;510118;5507;86400;61579;1290000;0;1
90;2025-11-12;51012;12411;86400;188892;4590000;1;26
90;2025-11-12;510120;15185;86400;218003;1290000;0;4
90;2025-11-12;51013;12238;86400;160114;4590000;2;43
90;2025-11-12;51014;28240;86400;460897;3060000;9;26
90;2025-11-12;51016;24680;86400;587019;6120000;1;110
90;2025-11-12;51017;27954;86400;670567;6120000;0;92
90;2025-11-12;51018;24158;86400;526118;4590000;1;102
90;2025-11-13;51011;17640;86400;446841;3060000;0;26
90;2025-11-13;510113;24945;86400;433244;4590000;3;67
90;2025-11-13;510114;10673;86400;120292;1290000;0;2
90;2025-11-13;510115;21151;86400;241867;1290000;0;4
90;2025-11-13;510116;8809;86400;119087;1290000;0;2
90;2025-11-13;510117;19268;86400;225399;1290000;0;4
90;2025-11-13;510118;6106;86400;56834;1290000;0;1
90;2025-11-13;51012;17783;86400;342942;4590000;5;21
90;2025-11-13;510120;10555;86400;157531;1290000;0;3
90;2025-11-13;51013;31079;86400;588217;4590000;5;49
90;2025-11-13;51014;21647;86400;492782;3060000;10;29
90;2025-11-13;51016;24147;86400;622041;6120000;5;100
90;2025-11-13;51017;24039;86400;561050;6120000;0;70
90;2025-11-13;51018;26699;86400;637067;4590000;0;116
90;2025-11-14;51011;12817;86400;247646;3060000;0;24
90;2025-11-14;510113;19421;86400;383139;4590000;2;53
90;2025-11-14;510114;4225;86400;59961;1290000;0;1
90;2025-11-14;510115;13181;86400;120165;1290000;0;2
90;2025-11-14;510116;12055;86400;119987;1290000;0;2
90;2025-11-14;510117;15145;86400;181008;1290000;0;3
90;2025-11-14;510118;5502;86400;48460;1290000;0;1
90;2025-11-14;51012;5247;86400;98800;4590000;0;9
90;2025-11-14;510120;13354;86400;176406;1290000;4;3
90;2025-11-14;51013;19297;86400;397007;4590000;0;31
90;2025-11-14;51014;29156;86400;671489;3060000;3;42
90;2025-11-14;51016;27881;86400;752009;6120000;0;130
90;2025-11-14;51017;24418;86400;642054;6120000;0;87
90;2025-11-14;51018;33594;86400;670871;4590000;2;124
90;2025-11-15;51011;2739;86400;65000;3060000;0;3
90;2025-11-15;510113;15397;86400;310088;4590000;2;45
90;2025-11-15;510117;4870;86400;59971;1290000;0;1
90;2025-11-15;51012;2287;86400;30132;4590000;3;6
90;2025-11-15;510120;8341;86400;114237;1290000;0;2
90;2025-11-15;51013;19794;86400;305016;4590000;3;42
90;2025-11-15;51014;18267;86400;418780;3060000;1;23
90;2025-11-15;51016;25222;86400;558996;6120000;0;83
90;2025-11-15;51017;17854;86400;412545;6120000;0;53
90;2025-11-15;51018;22807;86400;500124;4590000;1;96
90;2025-11-17;51011;16315;86400;410352;3060000;0;23
90;2025-11-17;510113;20048;86400;358133;4590000;1;60
90;2025-11-17;510114;10433;86400;120334;1290000;0;2
90;2025-11-17;510115;5661;86400;58973;1290000;0;1
90;2025-11-17;510116;7070;86400;120084;1290000;0;2
90;2025-11-17;510117;4101;86400;49944;1290000;0;1
90;2025-11-17;51012;7762;86400;138002;4590000;0;17
90;2025-11-17;510120;6378;86400;102060;1290000;0;2
90;2025-11-17;51013;25415;86400;516529;4590000;0;49
90;2025-11-17;51014;18254;86400;378806;3060000;3;27
90;2025-11-17;51016;31490;86400;781015;6120000;0;131
90;2025-11-17;51017;28478;86400;651048;6120000;0;93
90;2025-11-17;51018;32631;86400;741086;4590000;0;129
90;2025-11-18;51011;5244;86400;133997;3060000;0;11
90;2025-11-18;510113;18885;86400;268071;4590000;0;46
90;2025-11-18;510114;5346;86400;60026;1290000;0;1
90;2025-11-18;510116;5545;86400;57280;1290000;0;1
90;2025-11-18;510117;14922;86400;179740;1290000;0;3
90;2025-11-18;51012;17086;86400;263067;4590000;2;26
90;2025-11-18;510120;4723;86400;60154;1290000;3;1
90;2025-11-18;51013;26112;86400;547020;4590000;0;51
90;2025-11-18;51014;28141;86400;648853;3060000;1;31
90;2025-11-18;51016;19618;86400;565009;6120000;0;99
90;2025-11-18;51017;28483;86400;622057;6120000;0;78
90;2025-11-18;51018;21877;86400;548037;4590000;0;83
90;2025-11-19;51011;7134;86400;178298;3060000;0;10
90;2025-11-19;510113;23361;86400;480345;4590000;3;65
90;2025-11-19;510114;9051;86400;120715;1290000;0;2
90;2025-11-19;510115;19996;86400;208694;1290000;0;4
90;2025-11-19;510116;5166;86400;43998;1290000;0;1
90;2025-11-19;510117;15232;86400;183077;1290000;0;3
90;2025-11-19;510118;10928;86400;114986;1290000;0;2
90;2025-11-19;51012;26176;86400;483837;4590000;1;31
90;2025-11-19;510120;4020;86400;58041;1290000;1;0
90;2025-11-19;51013;28469;86400;561037;4590000;0;51
90;2025-11-19;51014;41050;86400;868163;3060000;3;53
90;2025-11-19;51016;31851;86400;840024;6120000;0;136
90;2025-11-19;51017;29108;86400;672079;6120000;0;108
90;2025-11-19;51018;34738;86400;636102;4590000;0;112
90;2025-11-20;51011;1717;86400;41000;3060000;0;1
90;2025-11-20;510113;13918;86400;257085;4590000;1;38
90;2025-11-20;510114;4537;86400;60017;1290000;0;1
90;2025-11-20;510115;13456;86400;170825;1290000;0;3
90;2025-11-20;510116;4252;86400;59760;1290000;0;1
90;2025-11-20;510117;4283;86400;60069;1290000;0;1
90;2025-11-20;51012;4832;86400;66089;4590000;1;14
90;2025-11-20;510120;7570;86400;114285;1290000;0;2
90;2025-11-20;51013;6092;86400;102006;4590000;0;20
90;2025-11-20;51014;18787;86400;401246;3060000;0;20
90;2025-11-20;51016;13118;86400;336001;6120000;0;47
90;2025-11-20;51017;13837;86400;350153;6120000;5;46
90;2025-11-20;51018;17719;86400;405052;4590000;0;76
90;2025-11-21;51011;19538;86400;434050;3060000;0;43
90;2025-11-21;510113;25591;86400;468673;4590000;1;65
90;2025-11-21;510115;21403;86400;227083;1290000;0;4
90;2025-11-21;510116;5770;86400;60143;1290000;0;1
90;2025-11-21;510117;19624;86400;237937;1290000;0;4
90;2025-11-21;510118;10248;86400;111079;1290000;0;2
90;2025-11-21;51012;11175;86400;156001;4590000;0;31
90;2025-11-21;510120;20037;86400;264921;1290000;0;5
90;2025-11-21;51013;16531;86400;259018;4590000;0;38
90;2025-11-21;51014;41082;86400;572863;3060000;11;38
90;2025-11-21;51016;23853;86400;568046;6120000;0;109
90;2025-11-21;51017;24790;86400;557168;6120000;3;86
90;2025-11-21;51018;40104;86400;843988;4590000;0;145
90;2025-11-22;51011;4114;86400;100000;3060000;0;4
90;2025-11-22;510113;18322;86400;337066;4590000;0;44
90;2025-11-22;510114;5200;86400;60213;1290000;0;1
90;2025-11-22;510115;5453;86400;60058;1290000;0;1
90;2025-11-22;510117;9661;86400;119875;1290000;0;2
90;2025-11-22;51012;6620;86400;100998;4590000;0;11
90;2025-11-22;51013;3378;86400;54006;4590000;0;12
90;2025-11-22;51014;7802;86400;180081;3060000;0;17
90;2025-11-22;51016;19452;86400;530002;6120000;0;87
90;2025-11-22;51017;22729;86400;574046;6120000;0;56
90;2025-11-22;51018;20834;86400;470061;4590000;0;89
90;2025-11-24;51011;12798;86400;303596;3060000;0;16
90;2025-11-24;510113;26075;86400;465203;4590000;2;67
90;2025-11-24;510114;10748;86400;107596;1290000;0;2
90;2025-11-24;510115;10901;86400;122311;1290000;0;2
90;2025-11-24;510117;21167;86400;238173;1290000;0;4
90;2025-11-24;510118;11198;86400;113532;1290000;0;2
90;2025-11-24;51012;8743;86400;88771;4590000;0;18
90;2025-11-24;510120;15542;86400;230274;1290000;0;4
90;2025-11-24;51013;10554;86400;220011;4590000;0;26
90;2025-11-24;51014;14676;86400;305283;3060000;1;11
90;2025-11-24;51016;25044;86400;627994;6120000;4;104
90;2025-11-24;51017;28424;86400;605588;6120000;1;93
90;2025-11-24;51018;33742;86400;771825;4590000;2;132
90;2025-11-25;51011;14191;86400;393648;3060000;1;20
90;2025-11-25;510113;30485;86400;659682;4590000;1;60
90;2025-11-25;510115;14546;86400;175159;1290000;0;3
90;2025-11-25;510117;12829;86400;174872;1290000;0;3
90;2025-11-25;510118;4624;86400;56061;1290000;0;1
90;2025-11-25;51012;16654;86400;287056;4590000;0;32
90;2025-11-25;510120;9333;86400;171340;1290000;0;3
90;2025-11-25;51013;20061;86400;354856;4590000;2;21
90;2025-11-25;51014;30699;86400;667129;3060000;4;31
90;2025-11-25;51016;31876;86400;614144;6120000;0;95
90;2025-11-25;51017;16313;86400;386943;6120000;6;37
90;2025-11-25;51018;31268;86400;645106;4590000;1;123
90;2025-11-26;51011;13107;86400;316397;3060000;0;21
90;2025-11-26;510113;29584;86400;553797;4590000;1;78
90;2025-11-26;510114;4557;86400;57603;1290000;0;1
90;2025-11-26;510115;19210;86400;243919;1290000;0;4
90;2025-11-26;510117;13533;86400;179119;1290000;0;3
90;2025-11-26;510118;9869;86400;112711;1290000;0;2
90;2025-11-26;51012;18040;86400;316004;4590000;0;28
90;2025-11-26;510120;6674;86400;115871;1290000;0;2
90;2025-11-26;51013;24970;86400;488062;4590000;1;46
90;2025-11-26;51014;26662;86400;562287;3060000;0;33
90;2025-11-26;51016;18249;86400;464464;6120000;0;71
90;2025-11-26;51017;32840;86400;779185;6120000;3;96
90;2025-11-26;51018;35040;86400;725082;4590000;0;101
90;2025-11-27;51011;13135;86400;299099;3060000;0;22
90;2025-11-27;510113;29721;86400;690361;4590000;4;54
90;2025-11-27;510114;7761;86400;54771;1290000;1;1
90;2025-11-27;510115;23718;86400;240840;1290000;0;4
90;2025-11-27;510117;19853;86400;238231;1290000;0;4
90;2025-11-27;510118;11793;86400;118184;1290000;0;2
90;2025-11-27;51012;12729;86400;56630;4590000;14;4
90;2025-11-27;510120;23418;86400;351812;1290000;1;6
90;2025-11-27;51013;22030;86400;446073;4590000;1;45
90;2025-11-27;51014;29424;86400;624336;3060000;0;33
90;2025-11-27;51016;21325;86400;567013;6120000;0;105
90;2025-11-27;51017;27956;86400;655652;6120000;0;62
90;2025-11-27;51018;31868;86400;633528;4590000;1;100
90;2025-11-28;51011;12441;86400;271851;3060000;0;20
90;2025-11-28;510113;40034;86400;702137;4590000;2;87
90;2025-11-28;510114;6598;86400;59048;1290000;0;1
90;2025-11-28;510115;5750;86400;57591;1290000;0;1
90;2025-11-28;510117;9550;86400;119029;1290000;0;2
90;2025-11-28;510118;6122;86400;58050;1290000;0;1
90;2025-11-28;51012;17048;86400;227040;4590000;3;30
90;2025-11-28;510120;21127;86400;263052;1290000;0;5
90;2025-11-28;51013;35559;86400;758085;4590000;1;41
90;2025-11-28;51014;27149;86400;544257;3060000;0;38
90;2025-11-28;51016;36205;86400;867007;6120000;1;130
90;2025-11-28;51017;42156;86400;1025069;6120000;2;98
90;2025-11-28;51018;44322;86400;878604;4590000;0;141
90;2025-11-29;51011;7800;86400;165423;3060000;0;10
90;2025-11-29;510113;21552;86400;289203;4590000;7;45
90;2025-11-29;510114;4860;86400;60404;1290000;0;1
90;2025-11-29;510115;4830;86400;62271;1290000;0;1
90;2025-11-29;510117;5266;86400;61158;1290000;0;2
90;2025-11-29;51012;5520;86400;83998;4590000;0;16
90;2025-11-29;510120;4234;86400;57521;1290000;0;1
90;2025-11-29;51013;3167;86400;59063;4590000;2;6
90;2025-11-29;51014;11908;86400;244128;3060000;0;17
90;2025-11-29;51016;17444;86400;412793;6120000;0;67
90;2025-11-29;51017;19524;86400;483334;6120000;0;61
90;2025-11-29;51018;17985;86400;329240;4590000;6;56
112;2025-11-01;51231;6120;36000;108000;1080000;0;22
112;2025-11-01;51232;4920;36000;68183;1080000;2;16
112;2025-11-01;51233;4320;36000;52980;1080000;0;11
112;2025-11-03;51231;7980;36000;128007;1080000;0;28
112;2025-11-03;51232;6060;36000;74947;1080000;0;17
112;2025-11-03;51233;7200;36000;102962;1080000;0;21
112;2025-11-04;51231;8400;36000;137993;1080000;0;28
112;2025-11-04;51232;2220;36000;30978;1080000;0;7
112;2025-11-04;51233;9600;36000;147264;1080000;2;31
112;2025-11-05;51231;8940;36000;139088;1080000;2;29
112;2025-11-05;51232;6720;36000;79866;1080000;0;18
112;2025-11-05;51233;6000;36000;85182;1080000;1;17
112;2025-11-05;51234;14640;36000;111282;540000;0;3
112;2025-11-06;51231;7920;36000;108007;1080000;0;23
112;2025-11-06;51232;9180;36000;140911;1080000;0;29
112;2025-11-06;51233;7620;36000;103829;1080000;0;22
112;2025-11-07;51231;12660;36000;200125;1080000;2;42
112;2025-11-07;51232;9960;36000;127862;1080000;0;26
112;2025-11-07;51233;5220;36000;62984;1080000;0;13
112;2025-11-08;51231;7620;36000;127998;1080000;0;27
112;2025-11-08;51232;5220;36000;64934;1080000;0;13
112;2025-11-08;51233;2700;36000;39981;1080000;0;9
112;2025-11-10;51231;7260;36000;114456;1080000;2;22
112;2025-11-10;51232;8820;36000;136522;1080000;0;30
112;2025-11-10;51233;4380;36000;57989;1080000;0;12
112;2025-11-11;51231;9420;36000;141013;1080000;0;30
112;2025-11-11;51232;5820;36000;88332;1080000;2;18
112;2025-11-11;51233;5160;36000;74970;1080000;0;15
112;2025-11-12;51231;7320;36000;123262;1080000;2;25
112;2025-11-12;51232;4200;36000;64968;1080000;0;13
112;2025-11-12;51233;240;36000;2999;1080000;0;1
112;2025-11-13;51231;10980;36000;193006;1080000;0;39
112;2025-11-13;51232;13320;36000;206868;1080000;0;43
112;2025-11-13;51233;3840;36000;59981;1080000;0;12
112;2025-11-14;51231;13620;36000;229024;1080000;0;45
112;2025-11-14;51232;19260;36000;226182;1080000;2;47
112;2025-11-14;51233;4380;36000;59984;1080000;0;12
112;2025-11-15;51231;6180;36000;104999;1080000;0;17
112;2025-11-15;51232;9540;36000;137920;1080000;0;29
112;2025-11-15;51233;5760;36000;71983;1080000;0;9
112;2025-11-17;51231;11460;36000;175002;1080000;0;30
112;2025-11-17;51232;10440;36000;142915;1080000;0;30
112;2025-11-17;51233;10620;36000;153957;1080000;0;26
112;2025-11-17;51234;-169500;36000;56639;540000;1;0
112;2025-11-18;51231;10500;36000;178005;1080000;0;31
112;2025-11-18;51232;8760;36000;145957;1080000;0;30
112;2025-11-18;51233;4560;36000;77981;1080000;0;13
112;2025-11-19;51231;14160;36000;229999;1080000;0;46
112;2025-11-19;51232;13740;36000;227908;1080000;0;48
112;2025-11-19;51233;8820;36000;119959;1080000;0;24
112;2025-11-21;51231;13500;36000;236009;1080000;0;42
112;2025-11-21;51232;15540;36000;250892;1080000;0;54
112;2025-11-21;51233;6960;36000;95157;1080000;1;13
112;2025-11-22;51231;5700;36000;102018;1080000;0;20
112;2025-11-22;51232;7020;36000;107941;1080000;0;24
112;2025-11-22;51233;4200;36000;59993;1080000;0;6
112;2025-11-24;51231;10680;36000;150569;1080000;2;24
112;2025-11-24;51232;11700;36000;197884;1080000;0;41
112;2025-11-24;51233;9420;36000;116238;1080000;2;18
112;2025-11-25;51231;10080;36000;144035;1080000;5;29
112;2025-11-25;51232;9660;36000;150974;1080000;0;32
112;2025-11-25;51233;8100;36000;111958;1080000;0;17
112;2025-11-26;51231;4680;36000;75711;1080000;3;15
112;2025-11-26;51232;7320;36000;117968;1080000;0;26
112;2025-11-26;51233;240;36000;325;1080000;2;0
112;2025-11-26;51234;3780;36000;60993;540000;1;0
112;2025-11-27;51231;11220;36000;184998;1080000;0;37
112;2025-11-27;51232;16920;36000;249981;1080000;2;52
112;2025-11-27;51233;4140;36000;55214;1080000;2;12
112;2025-11-27;51234;3360;36000;58665;540000;1;0
112;2025-11-28;51231;10080;36000;175008;1080000;0;36
112;2025-11-28;51232;14040;36000;197878;1080000;0;42
112;2025-11-28;51233;4980;36000;69968;1080000;0;14
112;2025-11-28;51234;3240;36000;62086;540000;1;0
112;2025-11-29;51231;4980;36000;97006;1080000;0;20
112;2025-11-29;51232;4380;36000;74935;1080000;0;17
112;2025-11-29;51233;480;36000;7995;1080000;0;2
138;2025-11-01;51491;5255;79200;122000;2400000;0;4
138;2025-11-01;514911;10207;79200;211705;2400000;4;0
138;2025-11-01;514912;8657;79200;212104;2400000;3;0
138;2025-11-01;514914;19608;79200;318017;2400000;8;0
138;2025-11-01;514915;14845;79200;317150;2400000;6;0
138;2025-11-01;514916;129098;79200;350287;2400000;10;0
138;2025-11-01;51492;17492;79200;350043;2400000;0;69
138;2025-11-01;51493;15532;79200;335015;2400000;0;45
138;2025-11-01;51496;19500;79200;376345;2400000;3;2
138;2025-11-01;51497;7282;79200;211199;2400000;3;0
138;2025-11-01;51498;9014;79200;211800;2400000;5;0
138;2025-11-02;514911;14001;79200;318550;2400000;6;0
138;2025-11-02;514912;10344;79200;212470;2400000;5;0
138;2025-11-02;514914;267231;79200;212447;2400000;8;0
138;2025-11-02;514915;10339;79200;212355;2400000;3;0
138;2025-11-02;514916;13276;79200;224487;2400000;4;0
138;2025-11-02;51496;21840;79200;633920;2400000;1;2
138;2025-11-02;51497;12515;79200;317769;2400000;5;0
138;2025-11-02;51498;13570;79200;319603;2400000;8;0
138;2025-11-03;51491;8511;79200;198001;2400000;0;6
138;2025-11-03;514911;35695;79200;148159;2400000;4;0
138;2025-11-03;514912;8116;79200;148218;2400000;4;0
138;2025-11-03;514913;3513;79200;41722;2400000;2;0
138;2025-11-03;514914;34073;79200;147496;2400000;4;0
138;2025-11-03;514915;9608;79200;148173;2400000;4;0
138;2025-11-03;514916;9764;79200;160099;2400000;5;0
138;2025-11-03;51492;25096;79200;518164;2400000;2;79
138;2025-11-03;51493;17367;79200;372025;2400000;0;48
138;2025-11-03;51496;20400;79200;391947;2400000;0;7
138;2025-11-03;51497;7939;79200;147878;2400000;4;0
138;2025-11-03;51498;9155;79200;148179;2400000;4;0
138;2025-11-03;51499;4027;79200;41946;2400000;2;0
138;2025-11-04;51491;9416;79200;217001;2400000;0;8
138;2025-11-04;514911;14631;79200;316504;2400000;5;0
138;2025-11-04;514912;13546;79200;316455;2400000;4;0
138;2025-11-04;514914;18107;79200;317164;2400000;4;0
138;2025-11-04;514915;32434;79200;317984;2400000;6;0
138;2025-11-04;514916;19100;79200;353822;2400000;8;0
138;2025-11-04;51492;19576;79200;378062;2400000;2;70
138;2025-11-04;51493;17409;79200;389088;2400000;0;50
138;2025-11-04;51496;2460;79200;55442;2400000;0;1
138;2025-11-04;51497;12492;79200;317598;2400000;6;0
138;2025-11-04;51498;16221;79200;319004;2400000;6;0
138;2025-11-05;51491;7739;79200;166001;2400000;0;5
138;2025-11-05;514911;3804;79200;106000;2400000;1;0
138;2025-11-05;514912;-77979;79200;214377;2400000;4;0
138;2025-11-05;514913;3965;79200;105999;2400000;1;0
138;2025-11-05;514914;95325;79200;213556;2400000;5;0
138;2025-11-05;514915;9393;79200;214103;2400000;9;0
138;2025-11-05;514916;58556;79200;211322;2400000;3;0
138;2025-11-05;51492;24428;79200;518039;2400000;0;72
138;2025-11-05;51493;12464;79200;239021;2400000;0;39
138;2025-11-05;51496;91560;79200;117140;2400000;1;0
138;2025-11-05;51497;22262;79200;223739;2400000;4;0
138;2025-11-05;51498;21114;79200;235399;2400000;4;0
138;2025-11-06;51491;4729;79200;109002;2400000;0;4
138;2025-11-06;514911;14845;79200;211999;2400000;2;0
138;2025-11-06;514912;9379;79200;211000;2400000;2;0
138;2025-11-06;514914;18784;79200;210894;2400000;7;0
138;2025-11-06;514915;9302;79200;214307;2400000;7;0
138;2025-11-06;514916;12354;79200;105993;2400000;1;0
138;2025-11-06;51492;24602;79200;500030;2400000;0;83
138;2025-11-06;51493;24704;79200;532363;2400000;2;65
138;2025-11-06;51496;8460;79200;173475;2400000;1;1
138;2025-11-06;51497;7727;79200;211003;2400000;2;0
138;2025-11-06;51498;9663;79200;212298;2400000;4;0
138;2025-11-07;51491;13515;79200;299004;2400000;0;14
138;2025-11-07;514911;11937;79200;253235;2400000;7;0
138;2025-11-07;514912;10353;79200;251936;2400000;5;0
138;2025-11-07;514914;9271;79200;212070;2400000;3;0
138;2025-11-07;514915;9365;79200;211809;2400000;5;0
138;2025-11-07;514916;15662;79200;211255;2400000;6;0
138;2025-11-07;51492;28401;79200;600035;2400000;0;87
138;2025-11-07;51493;27704;79200;592116;2400000;0;71
138;2025-11-07;51496;10860;79200;222771;2400000;0;4
138;2025-11-07;51497;10677;79200;248755;2400000;6;0
138;2025-11-07;51498;12357;79200;254643;2400000;8;0
138;2025-11-08;51491;8777;79200;201001;2400000;0;7
138;2025-11-08;514911;8602;79200;212059;2400000;3;0
138;2025-11-08;514912;10147;79200;212024;2400000;5;0
138;2025-11-08;514914;12835;79200;212645;2400000;3;0
138;2025-11-08;514915;10966;79200;212177;2400000;3;0
138;2025-11-08;514916;11751;79200;105996;2400000;1;0
138;2025-11-08;51492;14729;79200;294016;2400000;0;49
138;2025-11-08;51493;10690;79200;205009;2400000;0;32
138;2025-11-08;51496;3120;79200;55506;2400000;0;1
138;2025-11-08;51497;8163;79200;211154;2400000;3;0
138;2025-11-08;51498;10070;79200;212607;2400000;5;0
138;2025-11-09;51491;6550;79200;152002;2400000;0;5
138;2025-11-09;514911;14032;79200;318228;2400000;6;0
138;2025-11-09;514912;-149935;79200;417359;2400000;7;0
138;2025-11-09;514914;27826;79200;215077;2400000;6;0
138;2025-11-09;514915;15623;79200;320501;2400000;6;0
138;2025-11-09;514916;116563;79200;435062;2400000;6;0
138;2025-11-09;51497;146180;79200;322177;2400000;6;0
138;2025-11-09;51498;22631;79200;319404;2400000;10;0
138;2025-11-10;51491;6018;79200;136001;2400000;0;4
138;2025-11-10;514911;11047;79200;253754;2400000;7;0
138;2025-11-10;514912;12688;79200;254115;2400000;5;0
138;2025-11-10;514914;17429;79200;257078;2400000;11;0
138;2025-11-10;514915;15842;79200;251873;2400000;5;0
138;2025-11-10;514916;16682;79200;251812;2400000;4;0
138;2025-11-10;51492;28373;79200;610072;2400000;0;100
138;2025-11-10;51493;27113;79200;602316;2400000;4;72
138;2025-11-10;51496;14460;79200;279500;2400000;0;5
138;2025-11-10;51497;12854;79200;252798;2400000;4;0
138;2025-11-10;51498;16491;79200;248303;2400000;8;0
138;2025-11-10;51499;3871;79200;41904;2400000;3;0
138;2025-11-11;51491;8689;79200;200003;2400000;0;7
138;2025-11-11;514911;-67951;79200;323410;2400000;7;0
138;2025-11-11;514912;-154085;79200;327575;2400000;6;0
138;2025-11-11;514914;18570;79200;318850;2400000;8;0
138;2025-11-11;514915;16263;79200;320925;2400000;7;0
138;2025-11-11;514916;24107;79200;315961;2400000;3;0
138;2025-11-11;51492;30073;79200;639089;2400000;3;104
138;2025-11-11;51493;24689;79200;557198;2400000;0;84
138;2025-11-11;51496;12960;79200;348453;2400000;0;6
138;2025-11-11;51497;10904;79200;330492;2400000;5;0
138;2025-11-11;51498;20127;79200;319335;2400000;11;0
138;2025-11-12;51491;10563;79200;245001;2400000;0;8
138;2025-11-12;514911;16571;79200;249137;2400000;5;0
138;2025-11-12;514912;6181;79200;143225;2400000;4;0
138;2025-11-12;514914;-66016;79200;320090;2400000;9;0
138;2025-11-12;514915;17672;79200;317425;2400000;9;0
138;2025-11-12;514916;15867;79200;211060;2400000;2;0
138;2025-11-12;51492;18673;79200;354013;2400000;8;58
138;2025-11-12;51493;19570;79200;357095;2400000;0;55
138;2025-11-12;51496;22560;79200;876785;2400000;2;2
138;2025-11-12;51497;14565;79200;360480;2400000;7;0
138;2025-11-12;51498;20853;79200;362211;2400000;18;0
138;2025-11-13;51491;5990;79200;138001;2400000;0;5
138;2025-11-13;514911;14193;79200;354597;2400000;5;0
138;2025-11-13;514912;-75808;79200;251355;2400000;5;0
138;2025-11-13;514914;42846;79200;142822;2400000;2;0
138;2025-11-13;514915;10052;79200;148350;2400000;5;0
138;2025-11-13;514916;50074;79200;253414;2400000;5;0
138;2025-11-13;51492;21778;79200;451157;2400000;2;70
138;2025-11-13;51493;16681;79200;345006;2400000;0;42
138;2025-11-13;51496;30660;79200;298497;2400000;1;3
138;2025-11-13;51497;5618;79200;142134;2400000;3;0
138;2025-11-13;51498;7666;79200;148256;2400000;6;0
138;2025-11-13;51499;3577;79200;41298;2400000;2;0
138;2025-11-14;51491;4146;79200;92002;2400000;0;3
138;2025-11-14;514911;7547;79200;212000;2400000;2;0
138;2025-11-14;514912;7800;79200;212397;2400000;3;0
138;2025-11-14;514913;4359;79200;105999;2400000;1;0
138;2025-11-14;514914;81260;79200;216827;2400000;8;0
138;2025-11-14;514915;43205;79200;214184;2400000;7;0
138;2025-11-14;514916;86983;79200;328914;2400000;10;0
138;2025-11-14;51492;18692;79200;370076;2400000;0;71
138;2025-11-14;51493;27594;79200;559030;2400000;0;93
138;2025-11-14;51496;15840;79200;339045;2400000;0;6
138;2025-11-14;51497;43261;79200;228578;2400000;5;0
138;2025-11-14;51498;10346;79200;213047;2400000;6;0
138;2025-11-15;51491;6025;79200;138999;2400000;0;5
138;2025-11-15;514911;12675;79200;317403;2400000;5;0
138;2025-11-15;514912;-152852;79200;317107;2400000;10;0
138;2025-11-15;514913;3966;79200;105500;2400000;1;0
138;2025-11-15;514914;26932;79200;317479;2400000;10;0
138;2025-11-15;514915;14666;79200;320856;2400000;6;0
138;2025-11-15;514916;20668;79200;317952;2400000;3;0
138;2025-11-15;51492;14111;79200;297012;2400000;0;43
138;2025-11-15;51493;11267;79200;216064;2400000;0;38
138;2025-11-15;51496;5640;79200;178133;2400000;0;3
138;2025-11-15;51497;12238;79200;318401;2400000;5;0
138;2025-11-15;51498;13694;79200;320008;2400000;6;0
138;2025-11-16;514911;20051;79200;317638;2400000;5;0
138;2025-11-16;514912;16896;79200;318350;2400000;5;0
138;2025-11-16;514913;3991;79200;106000;2400000;1;0
138;2025-11-16;514914;25101;79200;316358;2400000;7;0
138;2025-11-16;514915;21274;79200;318314;2400000;4;0
138;2025-11-16;514916;14530;79200;316733;2400000;4;0
138;2025-11-16;51496;19080;79200;440984;2400000;1;4
138;2025-11-16;51497;16514;79200;317799;2400000;5;0
138;2025-11-16;51498;18388;79200;318432;2400000;7;0
138;2025-11-17;51491;10753;79200;244003;2400000;0;11
138;2025-11-17;514911;12551;79200;318002;2400000;3;0
138;2025-11-17;514912;-63264;79200;423731;2400000;5;0
138;2025-11-17;514914;26301;79200;317966;2400000;6;0
138;2025-11-17;514915;18628;79200;318801;2400000;5;0
138;2025-11-17;514916;22545;79200;316448;2400000;3;0
138;2025-11-17;51492;29518;79200;566085;2400000;3;98
138;2025-11-17;51493;32263;79200;641050;2400000;0;85
138;2025-11-17;51496;5940;79200;118329;2400000;1;0
138;2025-11-17;51497;23064;79200;317238;2400000;5;0
138;2025-11-17;51498;16261;79200;318949;2400000;6;0
138;2025-11-18;51491;8727;79200;201002;2400000;0;7
138;2025-11-18;514911;18709;79200;360439;2400000;8;0
138;2025-11-18;514912;16180;79200;359937;2400000;12;0
138;2025-11-18;514913;3986;79200;106000;2400000;1;0
138;2025-11-18;514914;24255;79200;320866;2400000;11;0
138;2025-11-18;514915;14538;79200;317409;2400000;6;0
138;2025-11-18;514916;24858;79200;316918;2400000;12;0
138;2025-11-18;51492;24860;79200;520080;2400000;0;77
138;2025-11-18;51493;23111;79200;442022;2400000;0;75
138;2025-11-18;51496;8400;79200;127514;2400000;2;0
138;2025-11-18;51497;-14827264739;79200;231001;2400000;10;0
138;2025-11-18;51498;24056;79200;345939;2400000;14;0
138;2025-11-18;51499;17096;79200;117439;2400000;3;0
138;2025-11-19;51491;10512;79200;244002;2400000;0;8
138;2025-11-19;514911;8293;79200;212002;2400000;2;0
138;2025-11-19;514912;6053;79200;105000;2400000;2;0
138;2025-11-19;514914;12908;79200;211756;2400000;4;0
138;2025-11-19;514915;19202;79200;212058;2400000;3;0
138;2025-11-19;514916;19497;79200;211042;2400000;3;0
138;2025-11-19;51492;35224;79200;822275;2400000;1;102
138;2025-11-19;51493;22297;79200;476522;2400000;0;60
138;2025-11-19;51496;15420;79200;334683;2400000;0;6
138;2025-11-19;51497;-4236181948;79200;223482;2400000;3;0
138;2025-11-19;51498;11868;79200;211468;2400000;5;0
138;2025-11-19;51499;7880;79200;117398;2400000;2;0
138;2025-11-20;514911;17302;79200;252759;2400000;9;0
138;2025-11-20;514912;12719;79200;253695;2400000;4;0
138;2025-11-20;514914;9505;79200;211372;2400000;4;0
138;2025-11-20;514915;13484;79200;211539;2400000;4;0
138;2025-11-20;514916;11099;79200;225082;2400000;6;0
138;2025-11-20;51497;-14827088709;79200;295192;2400000;7;0
138;2025-11-20;51498;17991;79200;318434;2400000;9;0
138;2025-11-20;51499;18857;79200;203711;2400000;8;0
138;2025-11-21;51491;12497;79200;275001;2400000;0;12
138;2025-11-21;514911;11957;79200;317222;2400000;6;0
138;2025-11-21;514912;17215;79200;318094;2400000;5;0
138;2025-11-21;514913;5725;79200;106082;2400000;3;0
138;2025-11-21;514914;-238154;79200;319611;2400000;11;0
138;2025-11-21;514915;17094;79200;320216;2400000;7;0
138;2025-11-21;514916;19567;79200;317764;2400000;3;0
138;2025-11-21;51492;39414;79200;796075;2400000;1;135
138;2025-11-21;51493;33563;79200;701250;2400000;0;87
138;2025-11-21;51496;28200;79200;623701;2400000;0;11
138;2025-11-21;51497;12831;79200;318001;2400000;3;0
138;2025-11-21;51498;16910;79200;317742;2400000;8;0
138;2025-11-22;51491;6093;79200;138002;2400000;0;5
138;2025-11-22;514911;9130;79200;211397;2400000;4;0
138;2025-11-22;514912;15238;79200;211955;2400000;4;0
138;2025-11-22;514913;7872;79200;212000;2400000;2;0
138;2025-11-22;514914;13335;79200;211246;2400000;4;0
138;2025-11-22;514915;16123;79200;212011;2400000;2;0
138;2025-11-22;514916;15068;79200;210366;2400000;3;0
138;2025-11-22;51492;17816;79200;362049;2400000;0;64
138;2025-11-22;51493;17411;79200;360102;2400000;0;55
138;2025-11-22;51496;24300;79200;442396;2400000;1;6
138;2025-11-22;51497;-4236357257;79200;224112;2400000;3;0
138;2025-11-22;51498;14595;79200;221938;2400000;5;0
138;2025-11-22;51499;6558;79200;117383;2400000;2;0
138;2025-11-23;514911;19670;79200;317604;2400000;5;0
138;2025-11-23;514912;14074;79200;317401;2400000;5;0
138;2025-11-23;514913;7845;79200;212000;2400000;2;0
138;2025-11-23;514914;95609;79200;320060;2400000;7;0
138;2025-11-23;514915;90170;79200;320726;2400000;5;0
138;2025-11-23;514916;28955;79200;342354;2400000;6;0
138;2025-11-23;51497;-4236178573;79200;319023;2400000;5;0
138;2025-11-23;51498;12921;79200;318601;2400000;4;0
138;2025-11-24;51491;8690;79200;200999;2400000;0;7
138;2025-11-24;514911;18103;79200;360436;2400000;7;0
138;2025-11-24;514912;-151415;79200;464700;2400000;12;0
138;2025-11-24;514913;2610;79200;42000;2400000;2;0
138;2025-11-24;514914;20662;79200;359472;2400000;7;0
138;2025-11-24;514915;19673;79200;361861;2400000;10;0
138;2025-11-24;514916;24721;79200;372773;2400000;10;0
138;2025-11-24;51492;32655;79200;716076;2400000;0;103
138;2025-11-24;51493;24103;79200;400124;2400000;0;49
138;2025-11-24;51496;10980;79200;223315;2400000;0;4
138;2025-11-24;51497;-4236340855;79200;359522;2400000;9;0
138;2025-11-24;51498;21058;79200;360664;2400000;13;0
138;2025-11-24;51499;4529;79200;42027;2400000;2;0
138;2025-11-25;51491;8998;79200;201002;2400000;0;9
138;2025-11-25;514911;7197;79200;212002;2400000;2;0
138;2025-11-25;514912;8012;79200;212152;2400000;3;0
138;2025-11-25;514914;9679;79200;110718;2400000;2;0
138;2025-11-25;514915;8639;79200;213611;2400000;3;0
138;2025-11-25;514916;12528;79200;210308;2400000;5;0
138;2025-11-25;51492;20561;79200;420148;2400000;1;61
138;2025-11-25;51493;23811;79200;402122;2400000;0;37
138;2025-11-25;51496;22380;79200;454306;2400000;1;6
138;2025-11-25;51497;-4236183023;79200;223782;2400000;3;0
138;2025-11-25;51498;7840;79200;224501;2400000;4;0
138;2025-11-26;51491;10033;79200;231002;2400000;0;8
138;2025-11-26;514911;11166;79200;317191;2400000;5;0
138;2025-11-26;514912;-246558;79200;318350;2400000;4;0
138;2025-11-26;514913;4339;79200;106301;2400000;3;0
138;2025-11-26;514914;5606;79200;106142;2400000;2;0
138;2025-11-26;514915;4533;79200;107150;2400000;3;0
138;2025-11-26;514916;10454;79200;223319;2400000;7;0
138;2025-11-26;51492;22878;79200;490097;2400000;2;74
138;2025-11-26;51493;15216;79200;290133;2400000;0;43
138;2025-11-26;51497;19705;79200;465724;2400000;8;0
138;2025-11-26;51498;20068;79200;465255;2400000;10;0
138;2025-11-27;51491;11814;79200;274001;2400000;0;9
138;2025-11-27;514911;3986;79200;106001;2400000;1;0
138;2025-11-27;514912;3807;79200;106000;2400000;1;0
138;2025-11-27;514914;4358;79200;106152;2400000;2;0
138;2025-11-27;514915;4580;79200;107364;2400000;3;0
138;2025-11-27;514916;6679;79200;105091;2400000;2;0
138;2025-11-27;51492;17326;79200;374528;2400000;0;59
138;2025-11-27;51493;12013;79200;241009;2400000;0;40
138;2025-11-27;51496;6600;79200;117882;2400000;0;2
138;2025-11-27;51497;6803;79200;211871;2400000;4;0
138;2025-11-27;51498;3356;79200;106400;2400000;3;0
138;2025-11-28;51491;9508;79200;201002;2400000;0;10
138;2025-11-28;514911;15581;79200;296660;2400000;9;0
138;2025-11-28;514912;7523;79200;84134;2400000;5;0
138;2025-11-28;514913;7068;79200;41792;2400000;2;0
138;2025-11-28;514914;23028;79200;298595;2400000;9;0
138;2025-11-28;514915;15898;79200;296066;2400000;8;0
138;2025-11-28;514916;16296;79200;294677;2400000;8;0
138;2025-11-28;51492;24901;79200;552033;2400000;0;80
138;2025-11-28;51493;16661;79200;350055;2400000;0;50
138;2025-11-28;51496;8280;79200;169120;2400000;0;3
138;2025-11-28;51497;-10590896565;79200;295646;2400000;8;0
138;2025-11-28;51498;15128;79200;296514;2400000;13;0
138;2025-11-28;51499;8889;79200;83553;2400000;5;0
138;2025-11-29;51491;8014;79200;182000;2400000;0;7
138;2025-11-29;514911;16653;79200;311641;2400000;5;0
138;2025-11-29;514912;14315;79200;318199;2400000;4;0
138;2025-11-29;514914;21809;79200;222845;2400000;6;0
138;2025-11-29;514915;21159;79200;318268;2400000;5;0
138;2025-11-29;514916;31000;79200;316862;2400000;6;0
138;2025-11-29;51492;16512;79200;344018;2400000;0;54
138;2025-11-29;51493;14359;79200;268061;2400000;0;44
138;2025-11-29;51496;5220;79200;111470;2400000;0;2
138;2025-11-29;51497;13632;79200;316396;2400000;5;0
138;2025-11-29;51498;21949;79200;319465;2400000;9;0
138;2025-11-30;514911;12943;79200;318211;2400000;4;0
138;2025-11-30;514912;8062;79200;212000;2400000;2;0
138;2025-11-30;514913;4012;79200;106000;2400000;1;0
138;2025-11-30;514914;13280;79200;212393;2400000;4;0
138;2025-11-30;514915;12557;79200;318460;2400000;6;0
138;2025-11-30;514916;15857;79200;329981;2400000;4;0
138;2025-11-30;51496;6840;79200;213784;2400000;1;0
138;2025-11-30;51497;-6354531882;79200;329414;2400000;8;0
138;2025-11-30;51498;13371;79200;320077;2400000;9;0
152;2025-11-01;51634;14519;68400;310083;4800000;0;62
152;2025-11-01;51635;11190;68400;188002;2040000;0;38
152;2025-11-01;51636;20975;68400;318941;2040000;0;65
152;2025-11-03;51634;14807;68400;285049;4800000;0;53
152;2025-11-03;51635;12224;68400;226057;2040000;0;46
152;2025-11-03;51636;23366;68400;366998;2040000;0;78
152;2025-11-04;51634;8154;68400;190062;4800000;0;38
152;2025-11-04;51635;12309;68400;196039;2040000;0;38
152;2025-11-04;51636;23627;68400;318927;2040000;0;68
152;2025-11-05;51634;14440;68400;289068;4800000;0;46
152;2025-11-05;51635;16194;68400;246052;2040000;0;39
152;2025-11-05;51636;24270;68400;375619;2040000;1;77
152;2025-11-06;51634;8520;68400;182017;4800000;0;36
152;2025-11-06;51635;14509;68400;205028;2040000;0;43
152;2025-11-06;51636;24757;68400;342904;2040000;4;68
152;2025-11-07;51634;13562;68400;305071;4800000;0;59
152;2025-11-07;51635;16394;68400;257993;2040000;0;53
152;2025-11-07;51636;22632;68400;329966;2040000;0;68
152;2025-11-08;51634;17432;68400;355081;4800000;1;55
152;2025-11-08;51635;17318;68400;306039;2040000;0;56
152;2025-11-08;51636;28454;68400;471970;2040000;0;95
152;2025-11-10;51634;15825;68400;330065;4800000;0;54
152;2025-11-10;51635;17860;68400;274039;2040000;0;58
152;2025-11-10;51636;20800;68400;332970;2040000;0;68
152;2025-11-11;51634;10459;68400;224046;4800000;0;38
152;2025-11-11;51635;17187;68400;260034;2040000;0;50
152;2025-11-11;51636;23832;68400;364958;2040000;0;75
152;2025-11-12;51634;15741;68400;294248;4800000;0;59
152;2025-11-12;51635;19264;68400;225016;2040000;0;38
152;2025-11-12;51636;23341;68400;379991;2040000;1;76
152;2025-11-13;51634;14525;68400;248330;4800000;3;47
152;2025-11-13;51635;14264;68400;208044;2040000;0;43
152;2025-11-13;51636;29818;68400;435871;2040000;0;83
152;2025-11-14;51634;17532;68400;345130;4800000;0;65
152;2025-11-14;51635;19740;68400;299554;2040000;0;60
152;2025-11-14;51636;32167;68400;501856;2040000;0;105
152;2025-11-15;51634;20932;68400;385158;4800000;0;68
152;2025-11-15;51635;23204;68400;331076;2040000;0;56
152;2025-11-15;51636;28231;68400;452028;2040000;0;83
152;2025-11-17;51634;19521;68400;405109;4800000;0;75
152;2025-11-17;51635;7722;68400;118039;2040000;0;24
152;2025-11-17;51636;26849;68400;414916;2040000;0;84
152;2025-11-18;51634;17920;68400;345117;4800000;0;67
152;2025-11-18;51635;14598;68400;242006;2040000;0;44
152;2025-11-18;51636;27189;68400;427535;2040000;0;84
152;2025-11-19;51634;26368;68400;475131;4800000;2;76
152;2025-11-19;51635;20526;68400;338027;2040000;0;63
152;2025-11-19;51636;30198;68400;484884;2040000;0;103
152;2025-11-21;51634;17676;68400;365137;4800000;0;71
152;2025-11-21;51635;18758;68400;300008;2040000;0;60
152;2025-11-21;51636;27201;68400;417970;2040000;0;87
152;2025-11-22;51634;25025;68400;488188;4800000;0;90
152;2025-11-22;51635;16091;68400;262014;2040000;0;43
152;2025-11-22;51636;27587;68400;483949;2040000;0;90
152;2025-11-24;51634;22352;68400;430175;4800000;0;80
152;2025-11-24;51635;13450;68400;159001;2040000;0;34
152;2025-11-24;51636;23277;68400;360923;2040000;0;75
152;2025-11-25;51634;12366;68400;250095;4800000;0;50
152;2025-11-25;51635;14709;68400;215024;2040000;0;37
152;2025-11-25;51636;15331;68400;232943;2040000;0;48
152;2025-11-26;51634;11424;68400;240099;4800000;0;46
152;2025-11-26;51635;12778;68400;180033;2040000;0;37
152;2025-11-26;51636;19080;68400;287992;2040000;0;52
152;2025-11-27;51634;15124;68400;260127;4800000;0;52
152;2025-11-27;51635;18584;68400;281005;2040000;0;63
152;2025-11-27;51636;21923;68400;376995;2040000;0;77
152;2025-11-28;51634;19030;68400;365097;4800000;0;68
152;2025-11-28;51635;20350;68400;315019;2040000;0;63
152;2025-11-28;51636;26566;68400;443844;2040000;0;91
152;2025-11-29;51634;17451;68400;361085;4800000;0;67
152;2025-11-29;51635;11748;68400;184015;2040000;0;37
152;2025-11-29;51636;22388;68400;352027;2040000;0;71
163;2025-11-01;51743;17820;57600;461009;1740000;0;85
163;2025-11-01;51744;22260;57600;605144;5100000;0;77
163;2025-11-03;51743;29520;57600;764472;1740000;1;143
163;2025-11-03;51744;24060;57600;787163;5100000;0;85
163;2025-11-04;51743;28620;57600;739094;1740000;2;118
163;2025-11-04;51744;25320;57600;793274;5100000;1;107
163;2025-11-05;51743;31860;57600;768027;1740000;4;136
163;2025-11-05;51744;24600;57600;738162;5100000;6;76
163;2025-11-06;51743;29100;57600;827047;1740000;0;139
163;2025-11-06;51744;30900;57600;858268;5100000;4;99
163;2025-11-07;51743;40920;57600;1024025;1740000;2;173
163;2025-11-07;51744;33720;57600;1010294;5100000;4;116
163;2025-11-08;51743;19500;57600;558041;1740000;0;79
163;2025-11-08;51744;21420;57600;554140;5100000;0;76
163;2025-11-10;51743;37620;57600;1002115;1740000;4;167
163;2025-11-10;51744;40860;57600;1223300;5100000;3;138
163;2025-11-11;51743;28500;57600;686846;1740000;14;108
163;2025-11-11;51744;27300;57600;704224;5100000;1;97
163;2025-11-12;51743;25380;57600;705262;1740000;1;112
163;2025-11-12;51744;22080;57600;725189;5100000;0;107
163;2025-11-12;51745;1920;57600;20022;1020000;0;4
163;2025-11-13;51743;31740;57600;787336;1740000;2;125
163;2025-11-13;51744;-6186060;57600;951343;5100000;19;133
163;2025-11-13;51745;540;57600;5004;1020000;0;1
163;2025-11-14;51743;39240;57600;1073415;1740000;1;163
163;2025-11-14;51744;33540;57600;1090400;5100000;0;135
163;2025-11-15;51743;10800;57600;285105;1740000;0;56
163;2025-11-15;51744;-3611100;57600;530205;5100000;14;64
163;2025-11-15;51745;720;57600;5004;1020000;0;1
163;2025-11-17;51743;33000;57600;964383;1740000;1;148
163;2025-11-17;51744;-4795980;57600;1124365;5100000;28;130
163;2025-11-17;51745;480;57600;5005;1020000;0;1
163;2025-11-18;51743;21720;57600;623185;1740000;0;118
163;2025-11-18;51744;15600;57600;434296;5100000;1;60
163;2025-11-18;51745;4560;57600;25011;1020000;0;5
163;2025-11-19;51743;-7731900;57600;1261588;1740000;18;159
163;2025-11-19;51744;-835980;57600;874353;5100000;10;117
163;2025-11-19;51745;480;57600;5006;1020000;0;1
163;2025-11-20;51743;9900;57600;260522;1740000;2;46
163;2025-11-20;51744;12840;57600;422129;5100000;0;37
163;2025-11-21;51743;-7897380;57600;1557478;1740000;23;216
163;2025-11-21;51744;36420;57600;1040499;5100000;29;128
163;2025-11-21;51745;1020;57600;10010;1020000;0;2
163;2025-11-22;51743;25260;57600;658180;1740000;1;96
163;2025-11-22;51744;25020;57600;696188;5100000;0;72
163;2025-11-22;51745;600;57600;5004;1020000;0;1
163;2025-11-23;51743;-2844780;57600;157130;1740000;11;0
163;2025-11-24;51743;43020;57600;1237297;1740000;0;182
163;2025-11-24;51744;42780;57600;1122359;5100000;0;156
163;2025-11-24;51745;480;57600;5004;1020000;0;1
163;2025-11-25;51743;-2904000;57600;945267;1740000;18;125
163;2025-11-25;51744;33360;57600;950920;5100000;1;103
163;2025-11-25;51745;2400;57600;25026;1020000;0;5
163;2025-11-26;51743;25020;57600;748260;1740000;0;114
163;2025-11-26;51744;25080;57600;685294;5100000;1;105
163;2025-11-27;51743;-2462820;57600;1210243;1740000;29;149
163;2025-11-27;51744;30960;57600;878312;5100000;2;91
163;2025-11-28;51743;35580;57600;1083382;1740000;1;176
163;2025-11-28;51744;38220;57600;1166403;5100000;2;130
163;2025-11-28;51745;960;57600;10010;1020000;0;2
163;2025-11-29;51743;25200;57600;764274;1740000;0;103
163;2025-11-29;51744;14100;57600;469214;5100000;0;64
163;2025-11-29;51745;480;57600;5005;1020000;0;1
227;2025-11-01;52381;7080;43200;190046;3000000;0;18
227;2025-11-01;523812;5280;43200;104918;1260000;1;0
227;2025-11-01;52382;10080;43200;209070;1260000;0;40
227;2025-11-01;52383;4740;43200;124008;1260000;0;11
227;2025-11-02;52382;-11223060;43200;231004;1260000;26;0
227;2025-11-02;52383;-9064620;43200;186046;1260000;21;0
227;2025-11-02;52385;-409644;43200;60077;1260000;1;0
227;2025-11-03;52381;6000;43200;148067;3000000;0;21
227;2025-11-03;523815;6600;43200;211524;1260000;1;0
227;2025-11-03;523816;3840;43200;105892;1260000;1;0
227;2025-11-03;52382;16740;43200;453073;1260000;1;56
227;2025-11-03;52383;13440;43200;342027;1260000;0;38
227;2025-11-04;52381;8760;43200;140029;3000000;0;15
227;2025-11-04;523814;264720;43200;107573;1260000;1;0
227;2025-11-04;523815;7320;43200;212854;1260000;1;0
227;2025-11-04;52382;-3786660;43200;348051;1260000;11;32
227;2025-11-04;52383;-5164800;43200;438557;1260000;15;37
227;2025-11-04;52385;-333536;43200;58937;1260000;1;0
227;2025-11-05;52381;6720;43200;167094;3000000;0;19
227;2025-11-05;52382;13080;43200;281019;1260000;1;45
227;2025-11-05;52383;12000;43200;251997;1260000;0;26
227;2025-11-05;52385;5203;43200;62107;1260000;1;1
227;2025-11-05;52386;1881;43200;20391;1260000;0;1
227;2025-11-05;52388;981;43200;9881;1260000;1;0
227;2025-11-06;52381;10440;43200;151082;3000000;0;21
227;2025-11-06;523810;-513300;43200;118761;1260000;2;0
227;2025-11-06;52382;15300;43200;341069;1260000;1;46
227;2025-11-06;52383;13680;43200;332017;1260000;0;29
227;2025-11-07;52381;1980;43200;60008;3000000;0;5
227;2025-11-07;523811;7140;43200;115478;1260000;2;0
227;2025-11-07;523812;6360;43200;105297;1260000;1;0
227;2025-11-07;523813;5280;43200;106067;1260000;3;0
227;2025-11-07;52382;16020;43200;396046;1260000;0;52
227;2025-11-07;52383;21000;43200;550011;1260000;0;64
227;2025-11-07;52384;7328;43200;62035;1260000;1;0
227;2025-11-08;52381;1620;43200;32012;3000000;0;6
227;2025-11-08;52382;-2060880;43200;333048;1260000;12;30
227;2025-11-08;52383;-4645860;43200;503568;1260000;27;31
227;2025-11-10;52381;4080;43200;124081;3000000;0;20
227;2025-11-10;523813;267360;43200;211163;1260000;2;0
227;2025-11-10;523814;7440;43200;106587;1260000;1;0
227;2025-11-10;52382;-591300;43200;321062;1260000;7;35
227;2025-11-10;52383;-1186020;43200;585073;1260000;14;53
227;2025-11-11;52381;4740;43200;165017;3000000;0;16
227;2025-11-11;523812;76140;43200;105448;1260000;1;0
227;2025-11-11;52382;9000;43200;204040;1260000;1;30
227;2025-11-11;52383;9660;43200;222018;1260000;0;33
227;2025-11-12;52381;4020;43200;112076;3000000;0;18
227;2025-11-12;523816;187680;43200;115219;1260000;1;0
227;2025-11-12;52382;14700;43200;339081;1260000;10;44
227;2025-11-12;52383;19680;43200;408015;1260000;14;37
227;2025-11-12;52385;31662;43200;58693;1260000;1;0
227;2025-11-12;52388;5377;43200;55488;1260000;0;1
227;2025-11-13;52381;7500;43200;167065;3000000;0;16
227;2025-11-13;52382;7500;43200;157032;1260000;0;24
227;2025-11-13;52383;12840;43200;346050;1260000;0;40
227;2025-11-13;52388;4977;43200;55900;1260000;1;0
227;2025-11-14;52381;7680;43200;167028;3000000;0;16
227;2025-11-14;523813;5460;43200;105520;1260000;1;0
227;2025-11-14;523814;4320;43200;107599;1260000;2;0
227;2025-11-14;523816;90540;43200;105355;1260000;1;0
227;2025-11-14;52382;13920;43200;330052;1260000;0;48
227;2025-11-14;52383;12180;43200;315983;1260000;0;36
227;2025-11-15;52381;2700;43200;74040;3000000;0;14
227;2025-11-15;52382;10680;43200;263022;1260000;0;36
227;2025-11-15;52383;6720;43200;165984;1260000;0;23
227;2025-11-16;523813;-504840;43200;117211;1260000;1;0
227;2025-11-17;52381;9060;43200;232109;3000000;0;31
227;2025-11-17;523812;5880;43200;105481;1260000;1;0
227;2025-11-17;523813;6300;43200;106066;1260000;1;0
227;2025-11-17;523814;5700;43200;107133;1260000;1;0
227;2025-11-17;523815;10800;43200;209009;1260000;1;0
227;2025-11-17;52382;9540;43200;226062;1260000;0;38
227;2025-11-17;52383;15420;43200;409025;1260000;0;44
227;2025-11-18;52381;6300;43200;180051;3000000;0;20
227;2025-11-18;523812;5280;43200;105152;1260000;1;0
227;2025-11-18;523813;84000;43200;51;1260000;1;0
227;2025-11-18;523815;69900;43200;434;1260000;1;0
227;2025-11-18;52382;5400;43200;124023;1260000;0;25
227;2025-11-18;52383;10560;43200;248486;1260000;0;35
227;2025-11-19;52381;6480;43200;150029;3000000;0;17
227;2025-11-19;523810;610500;43200;117411;1260000;1;0
227;2025-11-19;52382;21600;43200;558086;1260000;0;66
227;2025-11-19;52383;22380;43200;540038;1260000;0;65
227;2025-11-21;52381;11760;43200;336084;3000000;0;33
227;2025-11-21;523812;7860;43200;103835;1260000;1;0
227;2025-11-21;523813;5280;43200;105873;1260000;1;0
227;2025-11-21;523815;3540;43200;142067;1260000;1;0
227;2025-11-21;523816;244980;43200;105222;1260000;1;0
227;2025-11-21;52382;12600;43200;304037;1260000;0;45
227;2025-11-21;52383;16920;43200;427983;1260000;0;56
227;2025-11-22;52381;1560;43200;30013;3000000;0;6
227;2025-11-22;52382;12180;43200;172025;1260000;0;28
227;2025-11-22;52383;12600;43200;214044;1260000;0;25
227;2025-11-24;52381;4620;43200;130072;3000000;0;19
227;2025-11-24;52382;16380;43200;424067;1260000;0;54
227;2025-11-24;52383;19260;43200;474033;1260000;0;53
227;2025-11-24;52388;2394;43200;42551;1260000;0;1
227;2025-11-25;52381;960;43200;20011;3000000;0;4
227;2025-11-25;523812;7560;43200;105466;1260000;1;0
227;2025-11-25;523813;7260;43200;106199;1260000;4;0
227;2025-11-25;523814;14520;43200;215926;1260000;3;0
227;2025-11-25;523815;1297320;43200;347226;1260000;4;0
227;2025-11-25;523816;339300;43200;209651;1260000;3;0
227;2025-11-25;52382;9840;43200;231047;1260000;0;29
227;2025-11-25;52383;7020;43200;160999;1260000;0;24
227;2025-11-25;52384;7385;43200;63016;1260000;0;1
227;2025-11-25;52388;52410;43200;13135;1260000;1;0
227;2025-11-26;52381;4440;43200;115083;3000000;0;18
227;2025-11-26;52382;10260;43200;250018;1260000;0;28
227;2025-11-26;52383;9960;43200;237007;1260000;0;28
227;2025-11-27;52381;2280;43200;73021;3000000;0;13
227;2025-11-27;523812;9600;43200;208594;1260000;3;0
227;2025-11-27;523813;5580;43200;104693;1260000;2;0
227;2025-11-27;523814;9000;43200;213891;1260000;2;0
227;2025-11-27;52382;18660;43200;455064;1260000;1;54
227;2025-11-27;52383;16980;43200;391027;1260000;0;41
227;2025-11-28;52381;6720;43200;152059;3000000;0;23
227;2025-11-28;523816;280740;43200;105450;1260000;1;0
227;2025-11-28;52382;13020;43200;317091;1260000;0;50
227;2025-11-28;52383;16800;43200;421505;1260000;0;43
227;2025-11-28;52384;17865;43200;62049;1260000;1;0
227;2025-11-28;52385;12332;43200;62037;1260000;0;1
227;2025-11-29;52381;3480;43200;102034;3000000;0;15
227;2025-11-29;523812;7920;43200;103980;1260000;1;0
227;2025-11-29;523813;6840;43200;104025;1260000;1;0
227;2025-11-29;523814;5760;43200;105371;1260000;1;0
227;2025-11-29;523816;5940;43200;105695;1260000;1;0
227;2025-11-29;52382;7980;43200;177017;1260000;0;31
227;2025-11-29;52383;5040;43200;107520;1260000;0;14
244;2025-11-01;52551;21480;82800;459915;3690000;0;68
244;2025-11-01;52552;8160;82800;142964;2460000;0;26
244;2025-11-01;52553;23520;82800;468072;3690000;7;64
244;2025-11-01;52554;14400;82800;264016;3690000;5;35
244;2025-11-01;52555;16920;82800;389992;3690000;0;24
244;2025-11-01;52556;2580;82800;60872;2460000;0;1
244;2025-11-03;52551;33900;82800;672890;3690000;5;93
244;2025-11-03;52552;16740;82800;261913;2460000;0;50
244;2025-11-03;52553;42060;82800;904653;3690000;0;133
244;2025-11-03;52554;30480;82800;590036;3690000;2;104
244;2025-11-03;52555;24780;82800;559264;3690000;3;26
244;2025-11-03;52556;13440;82800;232847;2460000;0;4
244;2025-11-04;52551;-2131500;82800;604957;3690000;26;67
244;2025-11-04;52552;5340;82800;98940;2460000;0;20
244;2025-11-04;52553;27420;82800;604914;3690000;3;86
244;2025-11-04;52554;21780;82800;404034;3690000;4;74
244;2025-11-04;52555;13620;82800;293997;3690000;0;22
244;2025-11-04;52556;5280;82800;118405;2460000;0;2
244;2025-11-05;52551;29520;82800;603939;3690000;0;77
244;2025-11-05;52552;7920;82800;144955;2460000;0;25
244;2025-11-05;52553;26340;82800;547951;3690000;2;93
244;2025-11-05;52554;20760;82800;372011;3690000;7;64
244;2025-11-05;52555;22680;82800;499002;3690000;0;24
244;2025-11-05;52556;15960;82800;169913;2460000;0;3
244;2025-11-06;52551;31620;82800;617418;3690000;3;83
244;2025-11-06;52552;10620;82800;179944;2460000;0;24
244;2025-11-06;52553;36300;82800;810911;3690000;6;98
244;2025-11-06;52554;31080;82800;586987;3690000;14;75
244;2025-11-06;52555;26040;82800;550972;3690000;0;44
244;2025-11-06;52556;5400;82800;111328;2460000;0;2
244;2025-11-07;52551;44700;82800;1040904;3690000;11;123
244;2025-11-07;52552;21960;82800;444892;2460000;0;54
244;2025-11-07;52553;48000;82800;1071476;3690000;1;138
244;2025-11-07;52554;37500;82800;741009;3690000;13;121
244;2025-11-07;52555;30120;82800;648002;3690000;0;51
244;2025-11-07;52556;7380;82800;167173;2460000;0;3
244;2025-11-08;52551;29460;82800;664899;3690000;0;87
244;2025-11-08;52552;8760;82800;170051;2460000;3;19
244;2025-11-08;52553;29280;82800;621679;3690000;5;94
244;2025-11-08;52554;18660;82800;375992;3690000;21;41
244;2025-11-08;52555;20700;82800;429988;3690000;0;27
244;2025-11-08;52556;120;82800;1;2460000;1;0
244;2025-11-09;52551;3660;82800;50001;3690000;11;0
244;2025-11-10;52551;45420;82800;1026897;3690000;2;117
244;2025-11-10;52552;13080;82800;240902;2460000;0;43
244;2025-11-10;52553;48600;82800;1127617;3690000;11;154
244;2025-11-10;52554;39660;82800;831959;3690000;11;121
244;2025-11-10;52555;29820;82800;650962;3690000;0;50
244;2025-11-10;52556;6360;82800;118002;2460000;0;2
244;2025-11-11;52551;31200;82800;640913;3690000;5;100
244;2025-11-11;52552;9960;82800;187065;2460000;1;27
244;2025-11-11;52553;31740;82800;679891;3690000;10;113
244;2025-11-11;52554;26460;82800;531972;3690000;1;94
244;2025-11-11;52555;22140;82800;503989;3690000;0;34
244;2025-11-11;52556;13380;82800;225118;2460000;0;4
244;2025-11-12;52551;29760;82800;637999;3690000;7;78
244;2025-11-12;52552;8160;82800;142945;2460000;0;28
244;2025-11-12;52553;29880;82800;647655;3690000;10;95
244;2025-11-12;52554;28020;82800;526986;3690000;10;98
244;2025-11-12;52555;16200;82800;340989;3690000;1;22
244;2025-11-12;52556;11280;82800;237755;2460000;0;4
244;2025-11-13;52551;26700;82800;546987;3690000;0;82
244;2025-11-13;52552;10500;82800;188947;2460000;0;27
244;2025-11-13;52553;35220;82800;729958;3690000;6;100
244;2025-11-13;52554;23160;82800;427951;3690000;12;70
244;2025-11-13;52555;26160;82800;507071;3690000;3;29
244;2025-11-13;52556;6600;82800;167275;2460000;0;3
244;2025-11-14;52551;40740;82800;888888;3690000;6;121
244;2025-11-14;52552;14640;82800;270929;2460000;0;42
244;2025-11-14;52553;43320;82800;951671;3690000;5;141
244;2025-11-14;52554;23940;82800;472959;3690000;11;80
244;2025-11-14;52555;10860;82800;226978;3690000;0;20
244;2025-11-14;52556;12120;82800;299065;2460000;0;5
244;2025-11-15;52551;18960;82800;396968;3690000;0;63
244;2025-11-15;52552;7920;82800;139955;2460000;0;26
244;2025-11-15;52553;22080;82800;460024;3690000;12;52
244;2025-11-15;52554;20340;82800;399945;3690000;10;62
244;2025-11-15;52555;12060;82800;270003;3690000;0;14
244;2025-11-15;52556;4740;82800;110744;2460000;0;2
244;2025-11-16;52551;8160;82800;139979;3690000;31;0
244;2025-11-17;52551;40800;82800;919704;3690000;1;120
244;2025-11-17;52552;19140;82800;352863;2460000;0;67
244;2025-11-17;52553;39900;82800;893925;3690000;16;133
244;2025-11-17;52554;23940;82800;464478;3690000;6;80
244;2025-11-17;52555;25200;82800;555015;3690000;0;25
244;2025-11-17;52556;9660;82800;173439;2460000;1;3
244;2025-11-18;52551;31680;82800;655019;3690000;4;86
244;2025-11-18;52552;7980;82800;143959;2460000;0;27
244;2025-11-18;52553;25020;82800;528944;3690000;7;77
244;2025-11-18;52554;25440;82800;497008;3690000;6;86
244;2025-11-18;52555;19140;82800;403003;3690000;0;24
244;2025-11-18;52556;18720;82800;345480;2460000;1;6
244;2025-11-19;52551;46620;82800;785529;3690000;7;112
244;2025-11-19;52552;13380;82800;243916;2460000;0;34
244;2025-11-19;52553;33120;82800;663976;3690000;10;101
244;2025-11-19;52554;29700;82800;581001;3690000;1;106
244;2025-11-19;52555;22980;82800;473995;3690000;0;34
244;2025-11-19;52556;23340;82800;516909;2460000;0;9
244;2025-11-20;52551;23280;82800;459027;3690000;1;52
244;2025-11-20;52552;2640;82800;69977;2460000;0;6
244;2025-11-20;52553;18360;82800;382008;3690000;0;49
244;2025-11-20;52554;5400;82800;98004;3690000;0;22
244;2025-11-20;52555;12360;82800;274988;3690000;0;19
244;2025-11-20;52556;9300;82800;226473;2460000;2;3
244;2025-11-21;52551;43800;82800;940050;3690000;5;135
244;2025-11-21;52552;17640;82800;313894;2460000;0;47
244;2025-11-21;52553;34920;82800;758010;3690000;1;124
244;2025-11-21;52554;21240;82800;391005;3690000;5;84
244;2025-11-21;52555;20160;82800;441002;3690000;0;25
244;2025-11-21;52556;5880;82800;122916;2460000;0;2
244;2025-11-22;52551;22440;82800;462171;3690000;8;60
244;2025-11-22;52552;4620;82800;79974;2460000;0;14
244;2025-11-22;52553;20100;82800;423004;3690000;0;68
244;2025-11-22;52554;14220;82800;262030;3690000;0;54
244;2025-11-22;52555;14580;82800;327005;3690000;0;17
244;2025-11-22;52556;10920;82800;228777;2460000;0;4
244;2025-11-24;52551;39000;82800;860013;3690000;0;140
244;2025-11-24;52552;16500;82800;298883;2460000;0;55
244;2025-11-24;52553;39180;82800;790758;3690000;8;110
244;2025-11-24;52554;30540;82800;642895;3690000;0;117
244;2025-11-24;52555;19260;82800;416479;3690000;1;23
244;2025-11-24;52556;25620;82800;505216;2460000;0;9
244;2025-11-25;52551;31080;82800;663943;3690000;0;96
244;2025-11-25;52552;10080;82800;167947;2460000;0;34
244;2025-11-25;52553;35220;82800;782965;3690000;0;121
244;2025-11-25;52554;16020;82800;317976;3690000;0;65
244;2025-11-25;52555;17940;82800;395137;3690000;3;13
244;2025-11-25;52556;7920;82800;177529;2460000;0;3
244;2025-11-26;52551;23340;82800;498935;3690000;0;66
244;2025-11-26;52552;8340;82800;146933;2460000;0;30
244;2025-11-26;52553;22920;82800;472004;3690000;0;81
244;2025-11-26;52554;15600;82800;315961;3690000;0;73
244;2025-11-26;52555;11760;82800;255978;3690000;0;21
244;2025-11-26;52556;35760;82800;278401;2460000;0;7
244;2025-11-27;52551;35880;82800;745878;3690000;0;129
244;2025-11-27;52552;12600;82800;227931;2460000;0;38
244;2025-11-27;52553;33960;82800;723942;3690000;0;86
244;2025-11-27;52554;21600;82800;429942;3690000;0;68
244;2025-11-27;52555;13080;82800;277962;3690000;0;23
244;2025-11-27;52556;19500;82800;438308;2460000;0;8
244;2025-11-28;52551;36300;82800;725906;3690000;0;102
244;2025-11-28;52552;13980;82800;240913;2460000;0;44
244;2025-11-28;52553;44400;82800;987638;3690000;0;147
244;2025-11-28;52554;21120;82800;398932;3690000;0;82
244;2025-11-28;52555;17640;82800;364002;3690000;1;26
244;2025-11-28;52556;23400;82800;492899;2460000;1;8
244;2025-11-29;52551;22080;82800;511953;3690000;0;65
244;2025-11-29;52552;9180;82800;149942;2460000;0;27
244;2025-11-29;52553;27240;82800;582939;3690000;0;91
244;2025-11-29;52554;11760;82800;231949;3690000;0;46
244;2025-11-29;52555;10200;82800;179883;3690000;0;10
244;2025-11-29;52556;2640;82800;55669;2460000;0;1
250;2025-11-01;526112;11040;50400;284124;1500000;1;5
250;2025-11-01;526113;13560;50400;463075;1500000;0;8
250;2025-11-01;52616;24360;50400;621205;1500000;0;68
250;2025-11-01;52617;21960;50400;574969;1500000;0;72
250;2025-11-01;52618;22980;50400;538156;1500000;1;97
250;2025-11-03;526111;28440;50400;740813;1500000;0;13
250;2025-11-03;526112;25380;50400;641524;1500000;0;11
250;2025-11-03;526113;32640;50400;933398;1500000;0;16
250;2025-11-03;52616;25140;50400;557293;1500000;1;83
250;2025-11-03;52617;28500;50400;680876;1500000;0;124
250;2025-11-03;52618;31140;50400;763112;1500000;0;126
250;2025-11-04;526111;31800;50400;863211;1500000;0;15
250;2025-11-04;526112;27120;50400;638013;1500000;0;11
250;2025-11-04;526113;33720;50400;1043819;1500000;0;18
250;2025-11-04;52616;27000;50400;608289;1500000;0;83
250;2025-11-04;52617;29280;50400;652013;1500000;0;118
250;2025-11-04;52618;29700;50400;661106;1500000;0;110
250;2025-11-05;526111;22740;50400;652945;1500000;1;11
250;2025-11-05;526112;23580;50400;584359;1500000;0;10
250;2025-11-05;526113;31800;50400;1045272;1500000;0;18
250;2025-11-05;52616;29940;50400;594335;1500000;0;84
250;2025-11-05;52617;30600;50400;619941;1500000;0;84
250;2025-11-05;52618;30240;50400;580733;1500000;2;90
250;2025-11-06;526111;22740;50400;719059;1500000;0;12
250;2025-11-06;526112;19620;50400;409707;1500000;0;7
250;2025-11-06;526113;27600;50400;696947;1500000;0;12
250;2025-11-06;52615;2880;50400;62044;3600000;0;3
250;2025-11-06;52616;21540;50400;483335;1500000;0;79
250;2025-11-06;52617;26520;50400;679337;1500000;0;101
250;2025-11-06;52618;24600;50400;533090;1500000;0;103
250;2025-11-07;526111;7800;50400;119092;1500000;0;2
250;2025-11-07;526112;8520;50400;128422;1500000;2;2
250;2025-11-07;526113;19620;50400;518803;1500000;0;9
250;2025-11-07;52615;16260;50400;434101;3600000;0;17
250;2025-11-07;52616;28140;50400;555384;1500000;3;96
250;2025-11-07;52617;28800;50400;714870;1500000;0;117
250;2025-11-07;52618;29280;50400;704166;1500000;1;110
250;2025-11-08;526111;7080;50400;182251;1500000;0;3
250;2025-11-08;526112;2280;50400;61046;1500000;0;1
250;2025-11-08;526113;4980;50400;114293;1500000;0;2
250;2025-11-08;52615;8760;50400;239056;3600000;0;9
250;2025-11-08;52616;21360;50400;374205;1500000;2;54
250;2025-11-08;52617;20220;50400;484996;1500000;0;79
250;2025-11-08;52618;22920;50400;500035;1500000;0;99
250;2025-11-10;526111;20160;50400;552329;1500000;0;9
250;2025-11-10;526112;28320;50400;897560;1500000;3;13
250;2025-11-10;526113;25200;50400;932468;1500000;1;15
250;2025-11-10;52615;13440;50400;415096;3600000;0;17
250;2025-11-10;52616;25080;50400;478361;1500000;1;99
250;2025-11-10;52617;28800;50400;736991;1500000;0;105
250;2025-11-10;52618;29340;50400;674211;1500000;1;113
250;2025-11-11;526111;30240;50400;855442;1500000;3;11
250;2025-11-11;526112;27720;50400;772860;1500000;0;13
250;2025-11-11;526113;26460;50400;918906;1500000;0;16
250;2025-11-11;52615;17760;50400;394395;3600000;2;24
250;2025-11-11;52616;22080;50400;458262;1500000;0;77
250;2025-11-11;52617;28320;50400;638026;1500000;1;90
250;2025-11-11;52618;27060;50400;571145;1500000;1;107
250;2025-11-12;526111;14940;50400;479114;1500000;0;8
250;2025-11-12;526112;15540;50400;418960;1500000;0;7
250;2025-11-12;526113;16800;50400;522096;1500000;0;9
250;2025-11-12;52615;11700;50400;260594;3600000;0;13
250;2025-11-12;52616;19380;50400;407353;1500000;0;76
250;2025-11-12;52617;26400;50400;584993;1500000;0;93
250;2025-11-12;52618;24900;50400;472153;1500000;2;101
250;2025-11-13;526111;16140;50400;419511;1500000;4;6
250;2025-11-13;526112;15900;50400;341970;1500000;0;6
250;2025-11-13;526113;16800;50400;405021;1500000;0;7
250;2025-11-13;52615;9840;50400;229050;3600000;0;9
250;2025-11-13;52616;18000;50400;366169;1500000;0;65
250;2025-11-13;52617;24780;50400;548509;1500000;0;88
250;2025-11-13;52618;25140;50400;505994;1500000;1;98
250;2025-11-14;526111;25680;50400;714493;1500000;0;12
250;2025-11-14;526112;18900;50400;485930;1500000;1;8
250;2025-11-14;526113;23040;50400;755861;1500000;1;13
250;2025-11-14;52615;21180;50400;581666;3600000;0;28
250;2025-11-14;52616;25620;50400;555481;1500000;3;101
250;2025-11-14;52617;30900;50400;651888;1500000;0;119
250;2025-11-14;52618;30960;50400;621124;1500000;3;115
250;2025-11-15;526111;16620;50400;527312;1500000;1;9
250;2025-11-15;526112;16920;50400;177734;1500000;2;3
250;2025-11-15;526113;8580;50400;230384;1500000;1;4
250;2025-11-15;52615;10860;50400;276545;3600000;0;8
250;2025-11-15;52616;15240;50400;325166;1500000;0;66
250;2025-11-15;52617;16260;50400;338956;1500000;0;74
250;2025-11-15;52618;21300;50400;447098;1500000;0;87
250;2025-11-17;526111;34320;50400;1017307;1500000;0;17
250;2025-11-17;526112;27660;50400;717446;1500000;0;12
250;2025-11-17;526113;25620;50400;989038;1500000;0;17
250;2025-11-17;52615;16260;50400;396080;3600000;0;19
250;2025-11-17;52616;17820;50400;364246;1500000;1;63
250;2025-11-17;52617;26040;50400;613988;1500000;1;104
250;2025-11-17;52618;26040;50400;557031;1500000;0;101
250;2025-11-18;526111;29100;50400;955149;1500000;0;16
250;2025-11-18;526112;22260;50400;525498;1500000;0;9
250;2025-11-18;526113;20940;50400;689488;1500000;0;12
250;2025-11-18;52615;10920;50400;345053;3600000;0;10
250;2025-11-18;52616;18600;50400;379255;1500000;0;82
250;2025-11-18;52617;23580;50400;603499;1500000;2;90
250;2025-11-18;52618;23460;50400;555125;1500000;0;84
250;2025-11-19;526111;36660;50400;1138574;1500000;0;20
250;2025-11-19;526112;27240;50400;693115;1500000;0;12
250;2025-11-19;526113;38640;50400;1213977;1500000;2;21
250;2025-11-19;52615;17100;50400;465101;3600000;0;18
250;2025-11-19;52616;25440;50400;588271;1500000;0;100
250;2025-11-19;52617;31080;50400;768982;1500000;0;135
250;2025-11-19;52618;25620;50400;630508;1500000;0;107
250;2025-11-21;526111;31440;50400;969945;1500000;0;16
250;2025-11-21;526112;28260;50400;706329;1500000;0;12
250;2025-11-21;526113;30960;50400;1104426;1500000;1;19
250;2025-11-21;52615;19260;50400;414138;3600000;1;22
250;2025-11-21;52616;32460;50400;544490;1500000;4;102
250;2025-11-21;52617;30600;50400;670979;1500000;0;124
250;2025-11-21;52618;34620;50400;814028;1500000;2;126
250;2025-11-22;526111;25620;50400;790422;1500000;0;13
250;2025-11-22;526112;21180;50400;547997;1500000;0;9
250;2025-11-22;526113;13020;50400;452935;1500000;1;7
250;2025-11-22;52615;12180;50400;269050;3600000;1;7
250;2025-11-22;52616;20940;50400;513210;1500000;0;67
250;2025-11-22;52617;24600;50400;563992;1500000;0;91
250;2025-11-22;52618;22560;50400;516004;1500000;0;89
250;2025-11-24;526111;32940;50400;1144516;1500000;0;19
250;2025-11-24;526112;23460;50400;594949;1500000;0;10
250;2025-11-24;526113;25920;50400;758196;1500000;0;13
250;2025-11-24;52615;14160;50400;460103;3600000;0;17
250;2025-11-24;52616;24180;50400;538251;1500000;0;86
250;2025-11-24;52617;32760;50400;763986;1500000;0;131
250;2025-11-24;52618;28740;50400;664989;1500000;0;116
250;2025-11-25;526111;32760;50400;677187;1500000;1;11
250;2025-11-25;526112;31980;50400;893258;1500000;2;15
250;2025-11-25;526113;29340;50400;627137;1500000;0;11
250;2025-11-25;52615;11520;50400;346297;3600000;2;23
250;2025-11-25;52616;15660;50400;372188;1500000;0;52
250;2025-11-25;52617;23280;50400;507027;1500000;0;91
250;2025-11-25;52618;18660;50400;381088;1500000;1;82
250;2025-11-26;526111;43680;50400;782837;1500000;1;13
250;2025-11-26;526112;22980;50400;614913;1500000;0;10
250;2025-11-26;526113;15600;50400;407638;1500000;0;7
250;2025-11-26;52615;12960;50400;264209;3600000;1;16
250;2025-11-26;52616;17640;50400;331208;1500000;1;69
250;2025-11-26;52617;20220;50400;453974;1500000;0;85
250;2025-11-26;52618;24000;50400;519159;1500000;3;84
250;2025-11-27;526111;40260;50400;1267447;1500000;1;20
250;2025-11-27;526112;23340;50400;620878;1500000;2;9
250;2025-11-27;526113;28020;50400;758456;1500000;1;13
250;2025-11-27;52615;18120;50400;426928;3600000;0;28
250;2025-11-27;52616;25620;50400;464289;1500000;1;77
250;2025-11-27;52617;25020;50400;545859;1500000;0;100
250;2025-11-27;52618;22620;50400;475388;1500000;1;94
250;2025-11-28;526111;31020;50400;1062111;1500000;0;18
250;2025-11-28;526112;25260;50400;614473;1500000;0;10
250;2025-11-28;526113;30660;50400;933950;1500000;0;17
250;2025-11-28;52615;9360;50400;261100;3600000;0;13
250;2025-11-28;52616;21240;50400;458355;1500000;1;89
250;2025-11-28;52617;22680;50400;507011;1500000;0;95
250;2025-11-28;52618;24840;50400;535055;1500000;2;117
250;2025-11-29;526111;15720;50400;542568;1500000;0;9
250;2025-11-29;526112;18300;50400;481322;1500000;0;8
250;2025-11-29;526113;10860;50400;358145;1500000;0;6
250;2025-11-29;52615;6360;50400;210029;3600000;0;5
250;2025-11-29;52616;18000;50400;382160;1500000;0;79
250;2025-11-29;52617;21720;50400;525929;1500000;0;80
250;2025-11-29;52618;20400;50400;430956;1500000;0;95
269;2025-11-01;52801;8087;79200;141954;2820000;0;11
269;2025-11-01;528012;12667;79200;240995;2400000;0;27
269;2025-11-01;528013;17320;79200;391035;4230000;0;75
269;2025-11-01;528015;5888;79200;82946;4230000;0;13
269;2025-11-01;528016;22355;79200;514953;4230000;0;82
269;2025-11-01;528017;4114;79200;94998;2820000;0;3
269;2025-11-01;52802;9025;79200;736380;1200000;0;2
269;2025-11-01;528021;8738;79200;195977;5640000;0;42
269;2025-11-01;528022;14243;79200;290959;5640000;1;57
269;2025-11-01;528023;18499;79200;402100;4230000;0;75
269;2025-11-01;528024;8917;79200;491718;2400000;0;3
269;2025-11-01;528025;10351;79200;689160;1200000;0;3
269;2025-11-03;52801;12470;79200;202417;2820000;0;18
269;2025-11-03;528012;21856;79200;436016;2400000;0;51
269;2025-11-03;528013;25418;79200;578069;4230000;0;102
269;2025-11-03;528015;14400;79200;196865;4230000;0;30
269;2025-11-03;528016;24755;79200;522977;4230000;0;101
269;2025-11-03;528017;23575;79200;187002;2820000;0;4
269;2025-11-03;52802;23371;79200;2516172;1200000;0;7
269;2025-11-03;528021;23126;79200;517448;5640000;1;104
269;2025-11-03;528022;20588;79200;396030;5640000;0;77
269;2025-11-03;528023;27686;79200;601565;4230000;0;112
269;2025-11-03;528024;25409;79200;1227606;2400000;0;7
269;2025-11-03;528025;18574;79200;1332268;1200000;0;6
269;2025-11-04;52801;19304;79200;342413;2820000;0;26
269;2025-11-04;528012;30704;79200;594001;2400000;0;66
269;2025-11-04;528013;23527;79200;423043;4230000;2;81
269;2025-11-04;528015;18044;79200;248341;4230000;0;41
269;2025-11-04;528016;23185;79200;505967;4230000;0;95
269;2025-11-04;52802;31084;79200;3301530;1200000;0;9
269;2025-11-04;528021;19084;79200;484972;5640000;0;88
269;2025-11-04;528022;16848;79200;277020;5640000;0;57
269;2025-11-04;528023;24352;79200;479366;4230000;4;86
269;2025-11-04;528024;29293;79200;1565799;2400000;0;9
269;2025-11-04;528025;11480;79200;624544;1200000;0;4
269;2025-11-05;52801;19386;79200;281935;2820000;2;30
269;2025-11-05;528012;25884;79200;536980;2400000;3;58
269;2025-11-05;528013;25076;79200;466096;4230000;0;89
269;2025-11-05;528015;19954;79200;279884;4230000;0;37
269;2025-11-05;528016;22537;79200;465922;4230000;0;94
269;2025-11-05;528017;2561;79200;14998;2820000;0;3
269;2025-11-05;52802;38022;79200;3571074;1200000;0;10
269;2025-11-05;528021;22431;79200;450114;5640000;6;91
269;2025-11-05;528022;25027;79200;466006;5640000;0;71
269;2025-11-05;528023;25950;79200;588569;4230000;0;111
269;2025-11-05;528024;34720;79200;1802931;2400000;0;10
269;2025-11-05;528025;44041;79200;2784572;1200000;0;14
269;2025-11-06;52801;16816;79200;279406;2820000;0;24
269;2025-11-06;528012;25702;79200;518482;2400000;0;55
269;2025-11-06;528013;24707;79200;503399;4230000;0;96
269;2025-11-06;528015;19839;79200;292348;4230000;0;39
269;2025-11-06;528016;21933;79200;459941;4230000;1;84
269;2025-11-06;528017;2577;79200;14995;2820000;0;3
269;2025-11-06;52802;37591;79200;2976390;1200000;0;9
269;2025-11-06;528021;20102;79200;411919;5640000;0;84
269;2025-11-06;528022;20786;79200;383310;5640000;0;82
269;2025-11-06;528023;22248;79200;481077;4230000;0;97
269;2025-11-06;528024;27224;79200;1305177;2400000;0;8
269;2025-11-06;528025;7078;79200;457556;1200000;0;2
269;2025-11-07;52801;13662;79200;239929;2820000;0;18
269;2025-11-07;528012;33294;79200;615511;2400000;0;65
269;2025-11-07;528013;31205;79200;651632;4230000;1;123
269;2025-11-07;528015;17864;79200;244848;4230000;0;42
269;2025-11-07;528016;30245;79200;694225;4230000;0;118
269;2025-11-07;528017;15829;79200;124897;2820000;0;4
269;2025-11-07;52802;46776;79200;3854460;1200000;0;11
269;2025-11-07;528021;29916;79200;612938;5640000;1;117
269;2025-11-07;528022;30598;79200;592961;5640000;0;118
269;2025-11-07;528023;30980;79200;673160;4230000;0;128
269;2025-11-07;528024;47548;79200;2130570;2400000;0;12
269;2025-11-08;52801;3685;79200;59973;2820000;0;6
269;2025-11-08;528012;18906;79200;379020;2400000;0;45
269;2025-11-08;528013;18557;79200;378073;4230000;0;72
269;2025-11-08;528015;8428;79200;119927;4230000;0;17
269;2025-11-08;528016;18350;79200;412933;4230000;2;69
269;2025-11-08;528017;4990;79200;105995;2820000;0;4
269;2025-11-08;52802;8989;79200;732264;1200000;0;2
269;2025-11-08;528021;14108;79200;455995;5640000;0;90
269;2025-11-08;528022;12173;79200;212977;5640000;0;44
269;2025-11-08;528023;21956;79200;486101;4230000;2;78
269;2025-11-08;528024;6129;79200;185400;2400000;0;1
269;2025-11-10;52801;12076;79200;147390;2820000;6;20
269;2025-11-10;528012;30587;79200;660974;2400000;0;76
269;2025-11-10;528013;26981;79200;664068;4230000;0;120
269;2025-11-10;528015;15569;79200;217328;4230000;0;37
269;2025-11-10;528016;29714;79200;632928;4230000;0;112
269;2025-11-10;528017;1994;79200;49998;2820000;0;1
269;2025-11-10;52802;24259;79200;2031528;1200000;0;6
269;2025-11-10;528021;25491;79200;646953;5640000;0;121
269;2025-11-10;528022;26735;79200;465054;5640000;0;79
269;2025-11-10;528023;28575;79200;594603;4230000;3;106
269;2025-11-10;528024;16660;79200;831288;2400000;0;5
269;2025-11-10;528025;7605;79200;266328;1200000;0;2
269;2025-11-11;52801;11519;79200;164906;2820000;0;24
269;2025-11-11;528012;23690;79200;464554;2400000;0;72
269;2025-11-11;528013;23510;79200;515065;4230000;0;96
269;2025-11-11;528015;22320;79200;348032;4230000;4;55
269;2025-11-11;528016;27915;79200;597927;4230000;0;104
269;2025-11-11;528017;8570;79200;60005;2820000;0;4
269;2025-11-11;52802;39140;79200;3295710;1200000;0;9
269;2025-11-11;528021;20255;79200;535946;5640000;0;108
269;2025-11-11;528022;17188;79200;328358;5640000;0;61
269;2025-11-11;528023;23872;79200;500089;4230000;0;83
269;2025-11-11;528024;31608;79200;1595607;2400000;0;9
269;2025-11-11;528025;13371;79200;916660;1200000;0;4
269;2025-11-12;52801;16267;79200;270929;2820000;0;25
269;2025-11-12;528012;28055;79200;512566;2400000;3;58
269;2025-11-12;528013;22735;79200;455115;4230000;0;79
269;2025-11-12;528015;23708;79200;364877;4230000;0;58
269;2025-11-12;528016;20889;79200;444996;4230000;1;91
269;2025-11-12;52802;52194;79200;4457346;1200000;0;12
269;2025-11-12;528021;22171;79200;457905;5640000;0;93
269;2025-11-12;528022;21581;79200;336051;5640000;1;61
269;2025-11-12;528023;23172;79200;493619;4230000;0;92
269;2025-11-12;528024;38765;79200;2142789;2400000;0;12
269;2025-11-12;528025;4971;79200;268336;1200000;0;2
269;2025-11-13;52801;26404;79200;396829;2820000;0;39
269;2025-11-13;528012;28444;79200;495877;2400000;0;61
269;2025-11-13;528013;42109;79200;535140;4230000;2;99
269;2025-11-13;528015;26160;79200;424957;4230000;0;66
269;2025-11-13;528016;29793;79200;643753;4230000;0;119
269;2025-11-13;528017;23331;79200;66657;2820000;0;3
269;2025-11-13;52802;21806;79200;2058960;1200000;0;6
269;2025-11-13;528021;19675;79200;440942;5640000;0;83
269;2025-11-13;528022;23425;79200;417087;5640000;0;80
269;2025-11-13;528023;27902;79200;584176;4230000;0;114
269;2025-11-13;528024;22986;79200;949257;2400000;0;6
269;2025-11-13;528025;20941;79200;1380196;1200000;0;6
269;2025-11-14;52801;28948;79200;412797;2820000;0;43
269;2025-11-14;528012;28815;79200;525987;2400000;0;64
269;2025-11-14;528013;33686;79200;750188;4230000;1;149
269;2025-11-14;528015;34820;79200;498850;4230000;0;77
269;2025-11-14;528016;32965;79200;733148;4230000;0;123
269;2025-11-14;528017;8199;79200;50012;2820000;0;8
269;2025-11-14;52802;29687;79200;2409828;1200000;0;7
269;2025-11-14;528021;34783;79200;785969;5640000;0;154
269;2025-11-14;528022;30050;79200;611953;5640000;1;106
269;2025-11-14;528023;30152;79200;544068;4230000;0;94
269;2025-11-14;528024;19773;79200;1052421;2400000;0;6
269;2025-11-14;528025;24025;79200;1233060;1200000;1;7
269;2025-11-15;52801;4544;79200;92984;2820000;0;3
269;2025-11-15;528012;11872;79200;236990;2400000;0;35
269;2025-11-15;528013;14738;79200;340036;4230000;0;64
269;2025-11-15;528015;7798;79200;97959;4230000;0;16
269;2025-11-15;528016;16375;79200;414930;4230000;0;71
269;2025-11-15;528017;2007;79200;45998;2820000;0;2
269;2025-11-15;52802;5074;79200;370788;1200000;0;1
269;2025-11-15;528021;12773;79200;285966;5640000;0;61
269;2025-11-15;528022;9031;79200;185979;5640000;0;38
269;2025-11-15;528023;9849;79200;189295;4230000;0;33
269;2025-11-15;528024;2820;79200;179541;2400000;1;0
269;2025-11-15;528025;4281;79200;226848;1200000;0;1
269;2025-11-17;52801;30095;79200;483791;2820000;0;47
269;2025-11-17;528012;26929;79200;507494;2400000;0;63
269;2025-11-17;528013;31845;79200;748157;4230000;0;129
269;2025-11-17;528015;31727;79200;430813;4230000;0;74
269;2025-11-17;528016;30948;79200;701434;4230000;0;128
269;2025-11-17;528017;2095;79200;14997;2820000;0;1
269;2025-11-17;52802;20977;79200;1632768;1200000;1;4
269;2025-11-17;528021;30090;79200;591945;5640000;0;116
269;2025-11-17;528022;27734;79200;577424;5640000;0;110
269;2025-11-17;528023;26382;79200;438050;4230000;0;81
269;2025-11-17;528024;18923;79200;865068;2400000;0;5
269;2025-11-17;528025;28786;79200;1588924;1200000;0;8
269;2025-11-18;52801;23700;79200;384343;2820000;0;35
269;2025-11-18;528012;21387;79200;349014;2400000;1;56
269;2025-11-18;528013;23766;79200;573117;4230000;0;110
269;2025-11-18;528015;22801;79200;374020;4230000;2;61
269;2025-11-18;528016;23525;79200;551646;4230000;0;103
269;2025-11-18;528017;11589;79200;79902;2820000;0;5
269;2025-11-18;52802;36759;79200;3128448;1200000;1;8
269;2025-11-18;528021;22991;79200;476526;5640000;0;92
269;2025-11-18;528022;19736;79200;359025;5640000;0;53
269;2025-11-18;528023;21849;79200;383010;4230000;0;67
269;2025-11-18;528024;39591;79200;1915398;2400000;0;11
269;2025-11-18;528025;15342;79200;922984;1200000;0;4
269;2025-11-19;52801;24758;79200;417371;2820000;0;34
269;2025-11-19;528012;28904;79200;537994;2400000;0;71
269;2025-11-19;528013;30347;79200;677117;4230000;0;126
269;2025-11-19;528015;29933;79200;479918;4230000;0;79
269;2025-11-19;528016;31887;79200;691451;4230000;0;127
269;2025-11-19;528017;4988;79200;59001;2820000;0;4
269;2025-11-19;52802;42611;79200;3542958;1200000;0;10
269;2025-11-19;528021;29906;79200;524777;5640000;0;93
269;2025-11-19;528022;31514;79200;637635;5640000;0;112
269;2025-11-19;528023;25375;79200;432022;4230000;1;77
269;2025-11-19;528024;32793;79200;1585986;2400000;0;9
269;2025-11-19;528025;35239;79200;1836624;1200000;0;10
269;2025-11-20;52801;8131;79200;139951;2820000;0;12
269;2025-11-20;528012;12298;79200;282001;2400000;0;33
269;2025-11-20;528013;16981;79200;391051;4230000;0;74
269;2025-11-20;528015;12807;79200;217971;4230000;0;35
269;2025-11-20;528016;12655;79200;354992;4230000;0;65
269;2025-11-20;52802;20445;79200;1752174;1200000;1;4
269;2025-11-20;528021;13078;79200;272992;5640000;0;48
269;2025-11-20;528022;7810;79200;165971;5640000;0;33
269;2025-11-20;528023;7536;79200;111018;4230000;0;23
269;2025-11-20;528024;23158;79200;1057305;2400000;0;6
269;2025-11-20;528025;13854;79200;912948;1200000;0;4
269;2025-11-21;52801;35416;79200;604197;2820000;0;46
269;2025-11-21;528012;35819;79200;723455;2400000;0;86
269;2025-11-21;528013;39840;79200;864079;4230000;4;150
269;2025-11-21;528015;39066;79200;636368;4230000;1;97
269;2025-11-21;528016;45640;79200;875056;4230000;0;130
269;2025-11-21;528017;11777;79200;80005;2820000;0;7
269;2025-11-21;52802;20501;79200;1810464;1200000;1;4
269;2025-11-21;528021;37331;79200;764968;5640000;0;144
269;2025-11-21;528022;35336;79200;628376;5640000;6;118
269;2025-11-21;528023;33887;79200;580996;4230000;0;114
269;2025-11-21;528024;17215;79200;736536;2400000;0;4
269;2025-11-21;528025;16904;79200;784360;1200000;0;6
269;2025-11-22;52801;16050;79200;275422;2820000;0;19
269;2025-11-22;528012;13367;79200;235971;2400000;0;39
269;2025-11-22;528013;23302;79200;501139;4230000;1;87
269;2025-11-22;528015;16839;79200;288974;4230000;0;49
269;2025-11-22;528016;21577;79200;544941;4230000;0;99
269;2025-11-22;528017;3412;79200;57503;2820000;0;2
269;2025-11-22;52802;13145;79200;1399170;1200000;0;4
269;2025-11-22;528021;18082;79200;416940;5640000;0;86
269;2025-11-22;528022;16475;79200;320973;5640000;0;57
269;2025-11-22;528023;14135;79200;262059;4230000;0;50
269;2025-11-22;528024;11123;79200;511365;2400000;0;3
269;2025-11-22;528025;10112;79200;732604;1200000;0;4
269;2025-11-24;52801;29457;79200;473385;2820000;0;48
269;2025-11-24;528012;26534;79200;502992;2400000;0;71
269;2025-11-24;528013;35171;79200;851152;4230000;2;160
269;2025-11-24;528015;28566;79200;477824;4230000;0;84
269;2025-11-24;528016;31852;79200;727374;4230000;3;129
269;2025-11-24;528017;2453;79200;15000;2820000;0;1
269;2025-11-24;52802;31867;79200;3555720;1200000;0;10
269;2025-11-24;528021;30803;79200;659945;5640000;1;132
269;2025-11-24;528022;34242;79200;592022;5640000;0;104
269;2025-11-24;528023;28796;79200;485988;4230000;0;68
269;2025-11-24;528024;37599;79200;1616853;2400000;1;9
269;2025-11-24;528025;29304;79200;1708704;1200000;0;8
269;2025-11-25;52801;9752;79200;164932;2820000;0;15
269;2025-11-25;528012;17546;79200;355011;2400000;0;50
269;2025-11-25;528013;21380;79200;484021;4230000;3;95
269;2025-11-25;528015;15751;79200;298963;4230000;0;49
269;2025-11-25;528016;22842;79200;510870;4230000;0;103
269;2025-11-25;528017;2165;79200;15001;2820000;0;1
269;2025-11-25;52802;37843;79200;3073866;1200000;1;9
269;2025-11-25;528021;21553;79200;450939;5640000;0;93
269;2025-11-25;528022;22524;79200;422012;5640000;0;75
269;2025-11-25;528023;16227;79200;272968;4230000;0;44
269;2025-11-25;528025;14629;79200;604144;1200000;0;6
269;2025-11-26;52801;10450;79200;176942;2820000;0;14
269;2025-11-26;528012;24043;79200;462004;2400000;0;68
269;2025-11-26;528013;25759;79200;593791;4230000;3;110
269;2025-11-26;528015;23243;79200;371914;4230000;0;63
269;2025-11-26;528016;25639;79200;498366;4230000;0;81
269;2025-11-26;528017;2576;79200;61999;2820000;0;2
269;2025-11-26;52802;26985;79200;2704392;1200000;0;8
269;2025-11-26;528021;25332;79200;533910;5640000;0;103
269;2025-11-26;528022;19133;79200;373008;5640000;1;72
269;2025-11-26;528023;21878;79200;353039;4230000;8;61
269;2025-11-26;528024;28111;79200;1364634;2400000;1;7
269;2025-11-26;528025;9591;79200;453860;1200000;1;1
269;2025-11-27;52801;11193;79200;170406;2820000;0;21
269;2025-11-27;528012;20292;79200;403117;2400000;1;51
269;2025-11-27;528013;23036;79200;571067;4230000;0;111
269;2025-11-27;528015;24604;79200;401885;4230000;0;71
269;2025-11-27;528016;20909;79200;478850;4230000;0;90
269;2025-11-27;528017;7905;79200;92003;2820000;0;6
269;2025-11-27;52802;22156;79200;2104560;1200000;1;5
269;2025-11-27;528021;18730;79200;363907;5640000;0;74
269;2025-11-27;528022;15039;79200;310645;5640000;0;62
269;2025-11-27;528023;21636;79200;378026;4230000;1;72
269;2025-11-27;528024;20724;79200;1035927;2400000;0;6
269;2025-11-27;528025;40916;79200;2071164;1200000;0;11
269;2025-11-28;52801;21895;79200;359459;2820000;0;34
269;2025-11-28;528012;27356;79200;550019;2400000;0;63
269;2025-11-28;528013;29874;79200;568589;4230000;1;107
269;2025-11-28;528015;30133;79200;430819;4230000;0;80
269;2025-11-28;528016;36693;79200;701841;4230000;0;136
269;2025-11-28;528017;4747;79200;60999;2820000;0;5
269;2025-11-28;52802;38437;79200;3943596;1200000;1;11
269;2025-11-28;528021;24311;79200;605904;5640000;0;120
269;2025-11-28;528022;22377;79200;469697;5640000;0;91
269;2025-11-28;528023;26313;79200;416529;4230000;0;80
269;2025-11-28;528024;35633;79200;1795605;2400000;0;10
269;2025-11-28;528025;16469;79200;870004;1200000;0;4
269;2025-11-29;52801;10452;79200;177428;2820000;0;16
269;2025-11-29;528012;13677;79200;294001;2400000;0;30
269;2025-11-29;528013;21730;79200;463542;4230000;0;82
269;2025-11-29;528015;17699;79200;311927;4230000;0;43
269;2025-11-29;528016;20582;79200;495932;4230000;0;89
269;2025-11-29;52802;10683;79200;997920;1200000;0;3
269;2025-11-29;528021;16564;79200;356286;5640000;0;74
269;2025-11-29;528022;16649;79200;330433;5640000;0;65
269;2025-11-29;528023;14627;79200;261060;4230000;0;45
269;2025-11-29;528024;12013;79200;483993;2400000;0;3
269;2025-11-29;528025;9617;79200;457704;1200000;0;2
275;2025-11-03;52867;2711;43200;45001;1500000;0;1
275;2025-11-05;52867;-1638945;43200;45000;1500000;1;0
275;2025-11-15;52867;-1206939;43200;44997;1500000;1;0
275;2025-11-19;52867;-2070684;43200;44975;1500000;2;0
275;2025-11-21;52867;-947746;43200;44999;1500000;1;0
275;2025-11-24;52867;2682;43200;45000;1500000;0;1
275;2025-11-29;52867;2690;43200;44997;1500000;0;1
295;2025-11-01;530612;31936;75600;566575;2280000;1;50
295;2025-11-01;530613;43802;75600;1016634;2280000;1;58
295;2025-11-01;530614;23996;75600;404689;2280000;3;47
295;2025-11-01;530615;30532;75600;530477;2280000;4;93
295;2025-11-01;530616;44837;75600;740135;2280000;3;132
295;2025-11-01;530617;44479;75600;821159;2280000;3;160
295;2025-11-01;530618;36427;75600;609826;2280000;3;89
295;2025-11-01;530619;40620;75600;729835;2280000;1;112
295;2025-11-01;530620;46673;75600;913364;2280000;0;137
295;2025-11-03;530612;56151;75600;979360;2280000;7;90
295;2025-11-03;530613;66495;75600;1266660;2280000;7;104
295;2025-11-03;530614;54799;75600;865228;2280000;5;144
295;2025-11-03;530615;52890;75600;857152;2280000;2;150
295;2025-11-03;530616;64055;75600;1024094;2280000;0;178
295;2025-11-03;530617;59702;75600;1045371;2280000;11;178
295;2025-11-03;530618;62451;75600;1107132;2280000;1;179
295;2025-11-03;530619;61897;75600;1071199;2280000;3;184
295;2025-11-03;530620;69465;75600;1246683;2280000;3;172
295;2025-11-04;530612;50041;75600;908897;2280000;13;67
295;2025-11-04;530613;61861;75600;1169766;2280000;7;115
295;2025-11-04;530614;36646;75600;646390;2280000;7;93
295;2025-11-04;530615;27017;75600;420115;2280000;3;70
295;2025-11-04;530616;37615;75600;593556;2280000;0;91
295;2025-11-04;530617;48345;75600;837589;2280000;0;145
295;2025-11-04;530618;42722;75600;749600;2280000;1;133
295;2025-11-04;530619;50946;75600;872143;2280000;0;140
295;2025-11-04;530620;53250;75600;982103;2280000;2;152
295;2025-11-05;530612;47819;75600;1009844;2280000;4;63
295;2025-11-05;530613;52816;75600;1077097;2280000;0;87
295;2025-11-05;530614;41134;75600;704644;2280000;12;100
295;2025-11-05;530615;43806;75600;784189;2280000;2;124
295;2025-11-05;530616;60141;75600;949201;2280000;4;182
295;2025-11-05;530617;54544;75600;956109;2280000;1;175
295;2025-11-05;530618;50924;75600;889707;2280000;4;159
295;2025-11-05;530619;54240;75600;892582;2280000;0;130
295;2025-11-05;530620;63369;75600;1171995;2280000;1;152
295;2025-11-06;530612;49669;75600;942610;2280000;25;74
295;2025-11-06;530613;60046;75600;1258100;2280000;1;109
295;2025-11-06;530614;37238;75600;608579;2280000;10;90
295;2025-11-06;530615;35061;75600;644596;2280000;5;105
295;2025-11-06;530616;48174;75600;777122;2280000;3;134
295;2025-11-06;530617;52959;75600;985176;2280000;3;170
295;2025-11-06;530618;50533;75600;844530;2280000;1;142
295;2025-11-06;530619;55440;75600;948162;2280000;0;139
295;2025-11-06;530620;54817;75600;1073449;2280000;4;156
295;2025-11-07;530612;62271;75600;1314557;2280000;11;98
295;2025-11-07;530613;73828;75600;1555269;2280000;8;138
295;2025-11-07;530614;41853;75600;646411;2280000;12;119
295;2025-11-07;530615;50178;75600;909105;2280000;2;148
295;2025-11-07;530616;58862;75600;1025096;2280000;2;176
295;2025-11-07;530617;61324;75600;1187966;2280000;3;186
295;2025-11-07;530618;59906;75600;1080554;2280000;0;183
295;2025-11-07;530619;61119;75600;1119782;2280000;4;177
295;2025-11-07;530620;50531;75600;978081;2280000;1;137
295;2025-11-08;530612;36204;75600;761476;2280000;5;55
295;2025-11-08;530613;46849;75600;996228;2280000;5;74
295;2025-11-08;530614;32858;75600;577090;2280000;19;75
295;2025-11-08;530615;33808;75600;655686;2280000;3;93
295;2025-11-08;530616;42119;75600;783567;2280000;0;138
295;2025-11-08;530617;47112;75600;809770;2280000;0;151
295;2025-11-08;530618;46304;75600;860552;2280000;0;136
295;2025-11-08;530619;44864;75600;822569;2280000;2;143
295;2025-11-08;530620;48025;75600;900646;2280000;2;147
295;2025-11-10;530612;53795;75600;1053559;2280000;12;98
295;2025-11-10;530613;68874;75600;1450323;2280000;11;112
295;2025-11-10;530614;59981;75600;963825;2280000;16;183
295;2025-11-10;530615;52908;75600;961679;2280000;2;165
295;2025-11-10;530616;60172;75600;1068604;2280000;10;199
295;2025-11-10;530617;61159;75600;1301238;2280000;5;217
295;2025-11-10;530618;61689;75600;1215053;2280000;1;181
295;2025-11-10;530619;58960;75600;1111150;2280000;0;187
295;2025-11-10;530620;43165;75600;765644;2280000;2;120
295;2025-11-11;530612;50777;75600;983391;2280000;22;64
295;2025-11-11;530613;50246;75600;1175662;2280000;1;100
295;2025-11-11;530614;38170;75600;622659;2280000;4;100
295;2025-11-11;530615;35159;75600;590657;2280000;2;94
295;2025-11-11;530616;47023;75600;783154;2280000;13;136
295;2025-11-11;530617;59702;75600;1064229;2280000;4;174
295;2025-11-11;530618;49737;75600;861272;2280000;6;126
295;2025-11-11;530619;53310;75600;909778;2280000;0;151
295;2025-11-11;530620;39828;75600;623959;2280000;9;102
295;2025-11-12;530612;48597;75600;895147;2280000;9;78
295;2025-11-12;530613;54311;75600;1286213;2280000;1;75
295;2025-11-12;530614;49035;75600;776512;2280000;16;128
295;2025-11-12;530615;48809;75600;891220;2280000;3;118
295;2025-11-12;530616;48170;75600;846225;2280000;9;150
295;2025-11-12;530617;59313;75600;1029167;2280000;2;186
295;2025-11-12;530618;45444;75600;804078;2280000;0;151
295;2025-11-12;530619;51358;75600;837808;2280000;5;162
295;2025-11-12;530620;44206;75600;746023;2280000;0;103
295;2025-11-13;530612;51758;75600;1002459;2280000;8;105
295;2025-11-13;530613;55849;75600;1106123;2280000;1;96
295;2025-11-13;530614;45412;75600;792756;2280000;6;99
295;2025-11-13;530615;38549;75600;685182;2280000;5;111
295;2025-11-13;530616;49645;75600;901527;2280000;9;156
295;2025-11-13;530617;51440;75600;966965;2280000;3;155
295;2025-11-13;530618;50953;75600;858547;2280000;8;135
295;2025-11-13;530619;59312;75600;1030695;2280000;1;181
295;2025-11-13;530620;55809;75600;999106;2280000;16;147
295;2025-11-14;530612;59701;75600;1245178;2280000;2;73
295;2025-11-14;530613;58699;75600;1209185;2280000;5;75
295;2025-11-14;530614;44695;75600;768757;2280000;7;122
295;2025-11-14;530615;46796;75600;808868;2280000;9;139
295;2025-11-14;530616;57924;75600;1043590;2280000;1;168
295;2025-11-14;530617;61752;75600;1072152;2280000;1;210
295;2025-11-14;530618;56298;75600;1022072;2280000;4;160
295;2025-11-14;530619;60911;75600;1083253;2280000;0;190
295;2025-11-14;530620;63995;75600;1238178;2280000;3;201
295;2025-11-15;530612;27393;75600;524339;2280000;7;36
295;2025-11-15;530613;36124;75600;683638;2280000;1;47
295;2025-11-15;530614;22728;75600;355072;2280000;2;73
295;2025-11-15;530615;22264;75600;404615;2280000;5;40
295;2025-11-15;530616;28197;75600;487045;2280000;4;81
295;2025-11-15;530617;35777;75600;620067;2280000;1;114
295;2025-11-15;530618;36570;75600;601017;2280000;0;93
295;2025-11-15;530619;43982;75600;824651;2280000;0;141
295;2025-11-15;530620;38508;75600;701049;2280000;0;116
295;2025-11-17;530612;51643;75600;1005528;2280000;9;75
295;2025-11-17;530613;63162;75600;1261619;2280000;0;137
295;2025-11-17;530614;51864;75600;863864;2280000;8;154
295;2025-11-17;530615;47660;75600;883191;2280000;6;142
295;2025-11-17;530616;56790;75600;1062082;2280000;0;179
295;2025-11-17;530617;58905;75600;1049265;2280000;7;192
295;2025-11-17;530618;58144;75600;1075692;2280000;4;180
295;2025-11-17;530619;65959;75600;1190692;2280000;1;182
295;2025-11-17;530620;66263;75600;1241660;2280000;3;199
295;2025-11-18;530612;36463;75600;635022;2280000;0;57
295;2025-11-18;530613;44114;75600;935091;2280000;0;90
295;2025-11-18;530614;27899;75600;452045;2280000;0;77
295;2025-11-18;530615;32827;75600;569884;2280000;7;76
295;2025-11-18;530616;40638;75600;724636;2280000;1;130
295;2025-11-18;530617;43357;75600;801580;2280000;0;122
295;2025-11-18;530618;36631;75600;602019;2280000;0;125
295;2025-11-18;530619;42575;75600;745165;2280000;0;111
295;2025-11-18;530620;48498;75600;878687;2280000;4;125
295;2025-11-19;530612;51272;75600;1053406;2280000;8;76
295;2025-11-19;530613;47658;75600;977876;2280000;1;102
295;2025-11-19;530614;45395;75600;790778;2280000;5;99
295;2025-11-19;530615;44723;75600;831760;2280000;3;116
295;2025-11-19;530616;49303;75600;907604;2280000;0;152
295;2025-11-19;530617;61979;75600;1077422;2280000;6;191
295;2025-11-19;530618;53109;75600;908550;2280000;0;169
295;2025-11-19;530619;56206;75600;1014681;2280000;2;151
295;2025-11-19;530620;64786;75600;1253133;2280000;1;182
295;2025-11-20;530612;38827;75600;695409;2280000;6;45
295;2025-11-20;530613;33350;75600;684573;2280000;0;59
295;2025-11-20;530614;20908;75600;333246;2280000;7;65
295;2025-11-20;530615;33392;75600;573209;2280000;5;50
295;2025-11-20;530616;29493;75600;486072;2280000;2;106
295;2025-11-20;530617;41663;75600;736259;2280000;9;112
295;2025-11-20;530618;34730;75600;568040;2280000;0;101
295;2025-11-20;530619;36008;75600;626121;2280000;0;99
295;2025-11-20;530620;47153;75600;871028;2280000;0;119
295;2025-11-21;530612;52822;75600;954104;2280000;1;91
295;2025-11-21;530613;59076;75600;1196144;2280000;0;104
295;2025-11-21;530614;47069;75600;835746;2280000;6;149
295;2025-11-21;530615;48102;75600;867564;2280000;4;134
295;2025-11-21;530616;55041;75600;962594;2280000;0;155
295;2025-11-21;530617;61025;75600;1156921;2280000;4;185
295;2025-11-21;530618;51343;75600;916092;2280000;2;191
295;2025-11-21;530619;64638;75600;1242694;2280000;0;171
295;2025-11-21;530620;65422;75600;1282142;2280000;2;169
295;2025-11-22;530612;37140;75600;732093;2280000;1;62
295;2025-11-22;530613;45287;75600;932686;2280000;0;60
295;2025-11-22;530614;30607;75600;503718;2280000;13;64
295;2025-11-22;530615;28428;75600;493171;2280000;3;77
295;2025-11-22;530616;36974;75600;684088;2280000;2;105
295;2025-11-22;530617;38356;75600;678059;2280000;4;119
295;2025-11-22;530618;39535;75600;659012;2280000;0;137
295;2025-11-22;530619;37457;75600;674128;2280000;0;102
295;2025-11-22;530620;44088;75600;856608;2280000;1;125
295;2025-11-24;530612;52533;75600;1029640;2280000;2;90
295;2025-11-24;530613;56567;75600;1225652;2280000;2;122
295;2025-11-24;530614;53856;75600;967445;2280000;14;138
295;2025-11-24;530615;52017;75600;882366;2280000;8;163
295;2025-11-24;530616;57205;75600;1117104;2280000;2;176
295;2025-11-24;530617;57235;75600;1031277;2280000;5;186
295;2025-11-24;530618;59045;75600;1095566;2280000;4;185
295;2025-11-24;530619;63639;75600;1140230;2280000;0;208
295;2025-11-24;530620;66359;75600;1242780;2280000;5;165
295;2025-11-25;530612;40640;75600;752530;2280000;0;64
295;2025-11-25;530613;38944;75600;789112;2280000;1;70
295;2025-11-25;530614;28253;75600;428470;2280000;9;82
295;2025-11-25;530615;30697;75600;512077;2280000;0;76
295;2025-11-25;530616;42064;75600;719046;2280000;3;128
295;2025-11-25;530617;42489;75600;735097;2280000;1;145
295;2025-11-25;530618;41083;75600;636644;2280000;0;109
295;2025-11-25;530619;46172;75600;808159;2280000;0;129
295;2025-11-25;530620;60082;75600;1117378;2280000;7;159
295;2025-11-26;530612;50238;75600;982783;2280000;7;59
295;2025-11-26;530613;50045;75600;921118;2280000;3;98
295;2025-11-26;530614;40735;75600;656895;2280000;18;74
295;2025-11-26;530615;31236;75600;538633;2280000;2;85
295;2025-11-26;530616;40861;75600;731596;2280000;0;131
295;2025-11-26;530617;52902;75600;905189;2280000;3;164
295;2025-11-26;530618;45769;75600;784081;2280000;2;139
295;2025-11-26;530619;53170;75600;950181;2280000;0;146
295;2025-11-26;530620;56887;75600;1136213;2280000;2;154
295;2025-11-27;530612;48574;75600;907166;2280000;3;73
295;2025-11-27;530613;45508;75600;964671;2280000;2;94
295;2025-11-27;530614;36542;75600;587716;2280000;15;85
295;2025-11-27;530615;36412;75600;673990;2280000;11;80
295;2025-11-27;530616;47252;75600;850617;2280000;0;138
295;2025-11-27;530617;44713;75600;781117;2280000;2;157
295;2025-11-27;530618;39013;75600;696023;2280000;5;127
295;2025-11-27;530619;53915;75600;926173;2280000;2;154
295;2025-11-27;530620;52633;75600;957025;2280000;0;152
295;2025-11-28;530612;54253;75600;1003029;2280000;7;73
295;2025-11-28;530613;53770;75600;976177;2280000;2;109
295;2025-11-28;530614;48511;75600;826603;2280000;0;150
295;2025-11-28;530615;47165;75600;814836;2280000;6;136
295;2025-11-28;530616;45760;75600;888858;2280000;0;153
295;2025-11-28;530617;55896;75600;1040182;2280000;3;181
295;2025-11-28;530618;54972;75600;1012551;2280000;1;167
295;2025-11-28;530619;62815;75600;1131658;2280000;0;165
295;2025-11-28;530620;64943;75600;1349713;2280000;3;177
295;2025-11-29;530612;44074;75600;963066;2280000;8;52
295;2025-11-29;530613;50953;75600;1114155;2280000;2;77
295;2025-11-29;530614;27416;75600;439131;2280000;4;91
295;2025-11-29;530615;31159;75600;530669;2280000;3;71
295;2025-11-29;530616;38193;75600;681087;2280000;1;111
295;2025-11-29;530617;41973;75600;775146;2280000;2;145
295;2025-11-29;530618;41152;75600;722570;2280000;0;94
295;2025-11-29;530619;45284;75600;818297;2280000;1;128
295;2025-11-29;530620;51107;75600;962014;2280000;2;153
318;2025-11-01;53291;7680;86400;248656;2580000;1;2
318;2025-11-01;532911;35940;86400;841163;9180000;7;94
318;2025-11-01;532912;15420;86400;311257;9180000;4;20
318;2025-11-01;532917;34380;86400;951932;7650000;0;23
318;2025-11-01;53294;33407;86400;751963;5160000;0;121
318;2025-11-01;53295;35221;86400;790096;5160000;0;134
318;2025-11-01;53296;34408;86400;675945;5160000;0;92
318;2025-11-01;53297;38219;86400;931241;5160000;1;140
318;2025-11-01;53298;39587;86400;977105;5160000;0;100
318;2025-11-02;53291;1500;86400;10574;2580000;1;0
318;2025-11-02;532917;24600;86400;715965;7650000;0;16
318;2025-11-03;532911;48900;86400;1048685;9180000;9;107
318;2025-11-03;532912;28200;86400;615634;9180000;6;38
318;2025-11-03;532917;32820;86400;920923;7650000;0;22
318;2025-11-03;53294;56565;86400;1238050;5160000;3;201
318;2025-11-03;53295;61122;86400;1312734;5160000;1;225
318;2025-11-03;53296;54085;86400;1366068;5160000;1;127
318;2025-11-03;53297;60418;86400;1488631;5160000;8;219
318;2025-11-03;53298;60634;86400;1543319;5160000;6;193
318;2025-11-04;53291;13140;86400;375926;2580000;0;3
318;2025-11-04;532911;36120;86400;866566;9180000;10;108
318;2025-11-04;532912;31500;86400;315795;9180000;2;15
318;2025-11-04;532917;40440;86400;1044869;7650000;0;25
318;2025-11-04;53294;53682;86400;1133941;5160000;1;183
318;2025-11-04;53295;50528;86400;1127287;5160000;0;172
318;2025-11-04;53296;45402;86400;1003827;5160000;2;97
318;2025-11-04;53297;57330;86400;1455560;5160000;0;179
318;2025-11-04;53298;57309;86400;1516658;5160000;5;157
318;2025-11-05;53291;4200;86400;123462;2580000;0;1
318;2025-11-05;532911;43920;86400;950956;9180000;5;90
318;2025-11-05;532912;25980;86400;550493;9180000;7;38
318;2025-11-05;532917;24960;86400;722979;7650000;0;17
318;2025-11-05;53294;42940;86400;886114;5160000;8;136
318;2025-11-05;53295;63128;86400;1327129;5160000;2;215
318;2025-11-05;53296;49930;86400;1185954;5160000;0;108
318;2025-11-05;53297;59449;86400;1328539;5160000;0;224
318;2025-11-05;53298;55807;86400;1487504;5160000;0;183
318;2025-11-06;53291;15780;86400;626188;2580000;2;5
318;2025-11-06;532911;30840;86400;663191;9180000;7;79
318;2025-11-06;532912;28980;86400;671133;9180000;1;30
318;2025-11-06;532917;38820;86400;927920;7650000;0;23
318;2025-11-06;53294;44904;86400;931237;5160000;5;144
318;2025-11-06;53295;59300;86400;1390610;5160000;0;219
318;2025-11-06;53296;51197;86400;1168653;5160000;0;124
318;2025-11-06;53297;58869;86400;1464645;5160000;5;236
318;2025-11-06;53298;57628;86400;1460011;5160000;7;170
318;2025-11-07;53291;3000;86400;125458;2580000;1;0
318;2025-11-07;532911;39120;86400;823028;9180000;6;93
318;2025-11-07;532912;28320;86400;547254;9180000;4;27
318;2025-11-07;532917;35460;86400;1022950;7650000;0;25
318;2025-11-07;53294;54878;86400;1307968;5160000;2;218
318;2025-11-07;53295;62121;86400;1452682;5160000;0;210
318;2025-11-07;53296;49022;86400;997995;5160000;4;125
318;2025-11-07;53297;54620;86400;1432666;5160000;3;205
318;2025-11-07;53298;63687;86400;1643691;5160000;0;172
318;2025-11-08;53291;41220;86400;1188120;2580000;7;5
318;2025-11-08;532911;25980;86400;541597;9180000;5;77
318;2025-11-08;532912;21540;86400;436203;9180000;2;35
318;2025-11-08;532917;47340;86400;1330048;7650000;0;31
318;2025-11-08;53294;39855;86400;794668;5160000;3;123
318;2025-11-08;53295;51878;86400;1100164;5160000;0;161
318;2025-11-08;53296;46986;86400;1213948;5160000;4;91
318;2025-11-08;53297;46306;86400;986782;5160000;3;169
318;2025-11-08;53298;49650;86400;1252041;5160000;0;140
318;2025-11-09;53291;780;86400;18354;2580000;1;0
318;2025-11-09;532917;20520;86400;673017;7650000;0;15
318;2025-11-09;53296;1800;86400;25287;5160000;7;0
318;2025-11-10;53291;17340;86400;266508;2580000;1;3
318;2025-11-10;532911;44760;86400;1040384;9180000;12;97
318;2025-11-10;532912;36720;86400;842327;9180000;2;56
318;2025-11-10;532917;40860;86400;1288596;7650000;2;29
318;2025-11-10;53294;60511;86400;1368573;5160000;13;236
318;2025-11-10;53295;67075;86400;1667474;5160000;3;223
318;2025-11-10;53296;63677;86400;1455921;5160000;2;179
318;2025-11-10;53297;54389;86400;1358005;5160000;3;218
318;2025-11-10;53298;68490;86400;1769475;5160000;0;169
318;2025-11-11;53291;58740;86400;1011622;2580000;3;7
318;2025-11-11;532911;24000;86400;461086;9180000;13;63
318;2025-11-11;532912;22200;86400;487728;9180000;0;22
318;2025-11-11;532917;28680;86400;881085;7650000;3;21
318;2025-11-11;53294;-4440385;86400;1143491;5160000;56;137
318;2025-11-11;53295;62100;86400;1425614;5160000;0;206
318;2025-11-11;53296;48800;86400;1157979;5160000;1;144
318;2025-11-11;53297;46768;86400;1187798;5160000;6;178
318;2025-11-11;53298;58752;86400;1596380;5160000;0;129
318;2025-11-12;53291;14220;86400;473694;2580000;0;4
318;2025-11-12;532911;29520;86400;692234;9180000;6;79
318;2025-11-12;532912;12000;86400;277139;9180000;2;15
318;2025-11-12;532917;29640;86400;926267;7650000;5;22
318;2025-11-12;53294;42168;86400;867306;5160000;11;145
318;2025-11-12;53295;-17549891;86400;1599234;5160000;37;176
318;2025-11-12;53296;53320;86400;1154896;5160000;0;115
318;2025-11-12;53297;51837;86400;1252128;5160000;0;164
318;2025-11-12;53298;60619;86400;1515709;5160000;10;125
318;2025-11-13;53291;62100;86400;1397458;2580000;5;7
318;2025-11-13;532911;32820;86400;690448;9180000;7;75
318;2025-11-13;532912;25620;86400;574779;9180000;2;38
318;2025-11-13;532917;29340;86400;870631;7650000;1;21
318;2025-11-13;53294;42887;86400;897011;5160000;18;147
318;2025-11-13;53295;61976;86400;1447168;5160000;0;220
318;2025-11-13;53296;51504;86400;1197620;5160000;4;136
318;2025-11-13;53297;49006;86400;1120783;5160000;3;150
318;2025-11-13;53298;60809;86400;1555174;5160000;1;171
318;2025-11-14;53291;38940;86400;705438;2580000;2;4
318;2025-11-14;532911;40080;86400;802788;9180000;12;91
318;2025-11-14;532912;35820;86400;548540;9180000;4;29
318;2025-11-14;532917;31200;86400;956704;7650000;1;22
318;2025-11-14;53294;39479;86400;842688;5160000;2;151
318;2025-11-14;53295;-374555;86400;1429287;5160000;2;220
318;2025-11-14;53296;61760;86400;1408252;5160000;9;181
318;2025-11-14;53297;59042;86400;1446156;5160000;9;206
318;2025-11-14;53298;62506;86400;1465350;5160000;12;183
318;2025-11-14;53299;9708;86400;130703;2580000;1;1
318;2025-11-15;53291;19860;86400;616184;2580000;2;4
318;2025-11-15;532911;29580;86400;599397;9180000;0;77
318;2025-11-15;532912;23400;86400;567039;9180000;1;21
318;2025-11-15;532917;42000;86400;1320697;7650000;0;32
318;2025-11-15;53294;32891;86400;689255;5160000;3;96
318;2025-11-15;53295;47180;86400;987206;5160000;6;141
318;2025-11-15;53296;48148;86400;1130153;5160000;0;130
318;2025-11-15;53297;35110;86400;583502;5160000;11;66
318;2025-11-15;53298;51121;86400;1243565;5160000;1;103
318;2025-11-16;532911;-85500;86400;10392;9180000;1;2
318;2025-11-16;532917;22140;86400;760995;7650000;0;17
318;2025-11-17;53291;-381780;86400;1078524;2580000;5;4
318;2025-11-17;532911;33420;86400;706538;9180000;7;91
318;2025-11-17;532912;25440;86400;506948;9180000;1;38
318;2025-11-17;532917;31080;86400;1073930;7650000;0;25
318;2025-11-17;53294;38789;86400;777298;5160000;2;107
318;2025-11-17;53295;63307;86400;1371968;5160000;2;231
318;2025-11-17;53296;68102;86400;1269863;5160000;3;227
318;2025-11-17;53297;49169;86400;1350419;5160000;5;113
318;2025-11-17;53298;66540;86400;1464051;5160000;3;158
318;2025-11-17;53299;28674;86400;130739;2580000;2;0
318;2025-11-18;53291;6780;86400;243012;2580000;0;2
318;2025-11-18;532911;33540;86400;669026;9180000;7;86
318;2025-11-18;532912;-47160;86400;805881;9180000;2;38
318;2025-11-18;532917;35880;86400;1266961;7650000;0;29
318;2025-11-18;53294;41699;86400;879048;5160000;3;159
318;2025-11-18;53295;-4598177;86400;1614268;5160000;18;210
318;2025-11-18;53296;56539;86400;1298326;5160000;3;192
318;2025-11-18;53297;26225;86400;681900;5160000;1;60
318;2025-11-18;53298;64115;86400;1610641;5160000;0;151
318;2025-11-19;53291;7380;86400;370626;2580000;0;4
318;2025-11-19;532911;42540;86400;879862;9180000;6;114
318;2025-11-19;532912;40560;86400;573836;9180000;1;34
318;2025-11-19;532917;35940;86400;1308997;7650000;0;31
318;2025-11-19;53294;44480;86400;972927;5160000;2;151
318;2025-11-19;53295;61273;86400;1426512;5160000;4;234
318;2025-11-19;53296;59645;86400;1372590;5160000;5;187
318;2025-11-19;53297;37003;86400;1034877;5160000;0;49
318;2025-11-19;53298;67390;86400;1600255;5160000;5;138
318;2025-11-19;53299;6986;86400;119902;2580000;0;2
318;2025-11-20;53291;10080;86400;266658;2580000;0;3
318;2025-11-20;532911;31260;86400;724099;9180000;4;79
318;2025-11-20;532912;24240;86400;554027;9180000;2;24
318;2025-11-20;532917;22680;86400;766470;7650000;0;19
318;2025-11-20;53294;37935;86400;757034;5160000;2;114
318;2025-11-20;53295;-3572429;86400;1162719;5160000;25;183
318;2025-11-20;53296;49867;86400;1007004;5160000;1;130
318;2025-11-20;53297;28016;86400;738808;5160000;0;57
318;2025-11-20;53298;51618;86400;1210561;5160000;26;90
318;2025-11-20;53299;-1680902;86400;274594;2580000;5;0
318;2025-11-21;53291;11820;86400;368394;2580000;1;2
318;2025-11-21;532911;52740;86400;791008;9180000;5;109
318;2025-11-21;532912;39780;86400;708488;9180000;2;49
318;2025-11-21;532917;30360;86400;946938;7650000;0;23
318;2025-11-21;53294;64976;86400;1248813;5160000;3;219
318;2025-11-21;53295;63641;86400;1359624;5160000;8;226
318;2025-11-21;53296;63350;86400;1248533;5160000;5;206
318;2025-11-21;53297;49576;86400;1076822;5160000;0;100
318;2025-11-21;53298;70523;86400;1518163;5160000;3;129
318;2025-11-21;53299;30653;86400;170748;2580000;3;0
318;2025-11-22;53291;16320;86400;461544;2580000;0;4
318;2025-11-22;532911;29940;86400;709725;9180000;0;67
318;2025-11-22;532912;28680;86400;626196;9180000;0;33
318;2025-11-22;532917;36120;86400;1080511;7650000;0;26
318;2025-11-22;53294;38369;86400;778000;5160000;0;165
318;2025-11-22;53295;49419;86400;1083871;5160000;0;177
318;2025-11-22;53296;47005;86400;1039696;5160000;8;156
318;2025-11-22;53297;31585;86400;814397;5160000;0;52
318;2025-11-22;53298;48963;86400;1302120;5160000;2;76
318;2025-11-22;53299;-2354261;86400;488056;2580000;9;0
318;2025-11-23;53296;1608;86400;30007;5160000;0;6
318;2025-11-24;53291;22800;86400;701052;2580000;1;6
318;2025-11-24;532911;39420;86400;919754;9180000;2;99
318;2025-11-24;532912;33840;86400;727875;9180000;8;39
318;2025-11-24;532917;34080;86400;1233855;7650000;0;29
318;2025-11-24;53294;71205;86400;1402592;5160000;0;229
318;2025-11-24;53295;62625;86400;1352689;5160000;31;208
318;2025-11-24;53296;62716;86400;1303600;5160000;2;205
318;2025-11-24;53297;56199;86400;1436996;5160000;4;111
318;2025-11-24;53298;65493;86400;1398755;5160000;16;181
318;2025-11-24;53299;26486;86400;363301;2580000;4;2
318;2025-11-25;53291;15480;86400;245056;2580000;0;2
318;2025-11-25;532911;39180;86400;844659;9180000;3;91
318;2025-11-25;532912;47160;86400;826868;9180000;10;50
318;2025-11-25;532917;37500;86400;1337704;7650000;0;32
318;2025-11-25;53294;72200;86400;1268278;5160000;7;178
318;2025-11-25;53295;58925;86400;1142904;5160000;9;193
318;2025-11-25;53296;60192;86400;1180420;5160000;11;166
318;2025-11-25;53297;53184;86400;1134880;5160000;4;102
318;2025-11-25;53298;64261;86400;1628178;5160000;0;132
318;2025-11-25;53299;24565;86400;361225;2580000;4;2
318;2025-11-26;53291;13140;86400;374178;2580000;1;2
318;2025-11-26;532911;28620;86400;666022;9180000;4;59
318;2025-11-26;532912;-51180;86400;734222;9180000;3;41
318;2025-11-26;532917;34380;86400;1247675;7650000;0;30
318;2025-11-26;53294;50020;86400;1056508;5160000;2;180
318;2025-11-26;53295;55834;86400;1267462;5160000;6;220
318;2025-11-26;53296;54723;86400;1146726;5160000;3;187
318;2025-11-26;53297;41814;86400;1193879;5160000;0;97
318;2025-11-26;53298;61147;86400;1405834;5160000;12;155
318;2025-11-26;53299;-992716;86400;348286;2580000;6;0
318;2025-11-27;53291;10020;86400;370650;2580000;0;3
318;2025-11-27;532911;36600;86400;785960;9180000;3;78
318;2025-11-27;532912;26220;86400;480890;9180000;3;35
318;2025-11-27;532917;43440;86400;1450572;7650000;0;35
318;2025-11-27;53294;44595;86400;966591;5160000;0;185
318;2025-11-27;53295;64841;86400;1457519;5160000;0;256
318;2025-11-27;53296;46419;86400;913371;5160000;3;113
318;2025-11-27;53297;46789;86400;1207288;5160000;2;83
318;2025-11-27;53298;60785;86400;1437847;5160000;7;169
318;2025-11-28;53291;30120;86400;977116;2580000;0;8
318;2025-11-28;532911;32340;86400;799402;9180000;4;88
318;2025-11-28;532912;31080;86400;635157;9180000;3;62
318;2025-11-28;532917;38340;86400;1395616;7650000;0;34
318;2025-11-28;53294;67142;86400;1497858;5160000;0;288
318;2025-11-28;53295;63386;86400;1517661;5160000;2;274
318;2025-11-28;53296;26108;86400;589056;5160000;9;51
318;2025-11-28;53297;39140;86400;918749;5160000;0;99
318;2025-11-28;53298;64691;86400;1468616;5160000;0;197
318;2025-11-28;53299;-58578;86400;61741;2580000;1;0
318;2025-11-29;53291;17340;86400;512988;2580000;0;5
318;2025-11-29;532911;36180;86400;752778;9180000;1;77
318;2025-11-29;532912;37980;86400;876169;9180000;0;55
318;2025-11-29;532917;44700;86400;1427550;7650000;0;35
318;2025-11-29;53294;47132;86400;1046156;5160000;0;193
318;2025-11-29;53295;45470;86400;1025030;5160000;0;193
318;2025-11-29;53296;30351;86400;553803;5160000;7;44
318;2025-11-29;53297;34251;86400;938362;5160000;4;74
318;2025-11-29;53298;51466;86400;1248403;5160000;10;140
319;2025-11-01;53301;-2580720;54000;232161;3240000;6;26
319;2025-11-01;53302;4440;54000;102011;3240000;0;14
319;2025-11-01;53303;9240;54000;182016;3240000;0;31
319;2025-11-01;53304;6420;54000;111585;1620000;2;0
319;2025-11-03;53301;-3430560;54000;549640;3240000;10;65
319;2025-11-03;53302;10440;54000;232997;3240000;0;20
319;2025-11-03;53303;18180;54000;355430;3240000;0;74
319;2025-11-03;53304;4380;54000;111137;1620000;2;0
319;2025-11-04;53301;22260;54000;436933;3240000;1;35
319;2025-11-04;53302;3120;54000;56001;3240000;0;14
319;2025-11-04;53303;14520;54000;301982;3240000;0;61
319;2025-11-05;53301;-763320;54000;284892;3240000;3;48
319;2025-11-05;53302;14520;54000;253008;3240000;0;23
319;2025-11-05;53303;9600;54000;191484;3240000;0;36
319;2025-11-05;53304;93600;54000;114090;1620000;1;0
319;2025-11-06;53301;22620;54000;451881;3240000;0;64
319;2025-11-06;53302;3300;54000;68984;3240000;0;8
319;2025-11-06;53303;14820;54000;303935;3240000;0;65
319;2025-11-06;53304;-84360;54000;56582;1620000;1;0
319;2025-11-07;53301;26100;54000;554884;3240000;0;72
319;2025-11-07;53302;5040;54000;88998;3240000;0;12
319;2025-11-07;53303;16680;54000;344998;3240000;0;50
319;2025-11-07;53304;6780;54000;57751;1620000;1;0
319;2025-11-08;53301;10800;54000;245932;3240000;0;31
319;2025-11-08;53302;6000;54000;123011;3240000;0;11
319;2025-11-08;53303;9600;54000;212976;3240000;0;39
319;2025-11-08;53304;5280;54000;110512;1620000;2;0
319;2025-11-09;53301;-1116900;54000;157019;3240000;13;0
319;2025-11-10;53301;24660;54000;517919;3240000;0;60
319;2025-11-10;53302;11700;54000;241494;3240000;1;35
319;2025-11-10;53303;19920;54000;416649;3240000;0;65
319;2025-11-10;53304;6900;54000;169203;1620000;3;0
319;2025-11-11;53301;18840;54000;349895;3240000;9;50
319;2025-11-11;53302;7620;54000;143031;3240000;0;16
319;2025-11-11;53303;14700;54000;323191;3240000;1;48
319;2025-11-11;53304;4740;54000;109845;1620000;2;0
319;2025-11-12;53301;16680;54000;318915;3240000;0;54
319;2025-11-12;53302;4980;54000;104031;3240000;0;17
319;2025-11-12;53303;12420;54000;224471;3240000;0;49
319;2025-11-12;53304;2160;54000;55488;1620000;1;0
319;2025-11-13;53301;24240;54000;496097;3240000;0;69
319;2025-11-13;53302;10200;54000;219989;3240000;0;18
319;2025-11-13;53303;16200;54000;322956;3240000;0;68
319;2025-11-13;53304;2340;54000;57129;1620000;1;0
319;2025-11-14;53301;17340;54000;355897;3240000;0;61
319;2025-11-14;53302;5340;54000;101045;3240000;0;14
319;2025-11-14;53303;14100;54000;289961;3240000;1;61
319;2025-11-14;53304;2160;54000;58443;1620000;1;0
319;2025-11-15;53301;12240;54000;272245;3240000;0;34
319;2025-11-15;53303;10620;54000;206896;3240000;0;46
319;2025-11-15;53304;6840;54000;55362;1620000;1;0
319;2025-11-17;53301;27720;54000;559400;3240000;1;73
319;2025-11-17;53302;5460;54000;111975;3240000;0;9
319;2025-11-17;53303;15840;54000;315974;3240000;1;71
319;2025-11-17;53304;171360;54000;111981;1620000;3;0
319;2025-11-18;53301;18120;54000;355901;3240000;0;58
319;2025-11-18;53302;780;54000;15490;3240000;0;3
319;2025-11-18;53303;12780;54000;259962;3240000;0;52
319;2025-11-18;53304;71460;54000;235872;1620000;5;0
319;2025-11-19;53301;26880;54000;556854;3240000;0;91
319;2025-11-19;53302;3480;54000;61993;3240000;0;6
319;2025-11-19;53303;20160;54000;434979;3240000;0;78
319;2025-11-19;53304;2280;54000;55186;1620000;1;0
319;2025-11-21;53301;24540;54000;539384;3240000;0;68
319;2025-11-21;53302;11640;54000;143022;3240000;0;12
319;2025-11-21;53303;24480;54000;569489;3240000;1;103
319;2025-11-21;53304;2820;54000;55569;1620000;1;0
319;2025-11-22;53301;12720;54000;248919;3240000;0;46
319;2025-11-22;53302;4500;54000;92987;3240000;0;5
319;2025-11-22;53303;10560;54000;225787;3240000;0;40
319;2025-11-22;53304;2640;54000;56702;1620000;1;0
319;2025-11-23;53303;-9326880;54000;99191;3240000;18;0
319;2025-11-24;53301;31860;54000;551852;3240000;0;91
319;2025-11-24;53302;4080;54000;71496;3240000;0;7
319;2025-11-24;53303;17520;54000;390707;3240000;0;60
319;2025-11-24;53304;26700;54000;56262;1620000;1;0
319;2025-11-25;53301;16620;54000;320912;3240000;0;49
319;2025-11-25;53302;6600;54000;141978;3240000;0;8
319;2025-11-25;53303;13440;54000;281928;3240000;0;52
319;2025-11-26;53301;16080;54000;287910;3240000;1;46
319;2025-11-26;53302;5220;54000;59014;3240000;0;5
319;2025-11-26;53303;13080;54000;256936;3240000;0;56
319;2025-11-26;53304;25200;54000;171575;1620000;3;0
319;2025-11-27;53301;18660;54000;359101;3240000;0;55
319;2025-11-27;53302;10500;54000;117994;3240000;0;10
319;2025-11-27;53303;-7588140;54000;303981;3240000;22;39
319;2025-11-27;53304;10380;54000;113521;1620000;2;0
319;2025-11-28;53301;19800;54000;347876;3240000;0;59
319;2025-11-28;53302;4920;54000;104980;3240000;0;8
319;2025-11-28;53303;12960;54000;257468;3240000;0;55
319;2025-11-28;53304;65280;54000;111368;1620000;2;0
319;2025-11-29;53301;13560;54000;312932;3240000;0;37
319;2025-11-29;53302;3360;54000;68980;3240000;0;8
319;2025-11-29;53303;-3871200;54000;368660;3240000;15;58
319;2025-11-29;53304;2040;54000;55864;1620000;1;0
322;2025-11-01;53334;12401;50400;297174;5400000;0;50
322;2025-11-01;53335;17440;50400;336070;1500000;0;60
322;2025-11-03;53334;17699;50400;460034;5400000;0;84
322;2025-11-03;53335;11239;50400;162047;1500000;0;34
322;2025-11-04;53334;20774;50400;480008;5400000;0;86
322;2025-11-04;53335;11333;50400;187028;1500000;0;29
322;2025-11-05;53334;19676;50400;430031;5400000;0;78
322;2025-11-05;53335;20677;50400;399048;1500000;0;77
322;2025-11-06;53334;14650;50400;315196;5400000;0;55
322;2025-11-06;53335;16731;50400;304982;1500000;5;40
322;2025-11-07;53334;20838;50400;540089;5400000;0;82
322;2025-11-07;53335;22398;50400;415133;1500000;0;78
322;2025-11-08;53334;15747;50400;355038;5400000;0;71
322;2025-11-08;53335;17184;50400;280361;1500000;2;58
322;2025-11-10;53334;19107;50400;410036;5400000;0;82
322;2025-11-10;53335;20920;50400;394101;1500000;1;78
322;2025-11-11;53334;22741;50400;482071;5400000;0;74
322;2025-11-11;53335;20388;50400;428487;1500000;0;61
322;2025-11-12;53334;13029;50400;321028;5400000;0;57
322;2025-11-12;53335;22675;50400;507046;1500000;0;82
322;2025-11-13;53334;17983;50400;435027;5400000;0;79
322;2025-11-13;53335;19288;50400;359982;1500000;0;75
322;2025-11-14;53334;22250;50400;467027;5400000;0;93
322;2025-11-14;53335;21802;50400;452032;1500000;0;81
322;2025-11-15;53334;9445;50400;240020;5400000;0;48
322;2025-11-15;53335;10720;50400;212041;1500000;0;42
322;2025-11-17;53334;21438;50400;436045;5400000;0;78
322;2025-11-17;53335;21281;50400;369043;1500000;0;70
322;2025-11-18;53334;19151;50400;401015;5400000;0;70
322;2025-11-18;53335;11219;50400;201996;1500000;0;42
322;2025-11-19;53334;13992;50400;341009;5400000;0;68
322;2025-11-19;53335;19280;50400;303998;1500000;0;74
322;2025-11-20;53334;9678;50400;180005;5400000;0;26
322;2025-11-20;53335;10847;50400;182023;1500000;0;26
322;2025-11-21;53334;18204;50400;437001;5400000;0;79
322;2025-11-21;53335;20770;50400;386046;1500000;0;71
322;2025-11-22;53334;8959;50400;195024;5400000;0;40
322;2025-11-22;53335;13592;50400;252039;1500000;0;50
322;2025-11-24;53334;17261;50400;372018;5400000;0;74
322;2025-11-24;53335;24131;50400;417201;1500000;1;91
322;2025-11-25;53334;13680;50400;295008;5400000;0;59
322;2025-11-25;53335;17660;50400;249438;1500000;6;52
322;2025-11-26;53334;14255;50400;258005;5400000;4;50
322;2025-11-26;53335;14274;50400;282155;1500000;0;58
322;2025-11-27;53334;21445;50400;375992;5400000;8;72
322;2025-11-27;53335;14918;50400;238070;1500000;0;49
322;2025-11-28;53334;13117;50400;302000;5400000;0;60
322;2025-11-28;53335;22438;50400;440128;1500000;0;85
322;2025-11-29;53334;12989;50400;285002;5400000;0;57
322;2025-11-29;53335;13228;50400;230080;1500000;0;49
